Campaign,Ad Group,Keyword,Criterion Type,Status
Show - Pokemon Worlds San Francisco Aug 2026,Pokemon Worlds - Show Name,pokemon world championships 2026,Exact,Enabled
Show - Pokemon Worlds San Francisco Aug 2026,Pokemon Worlds - Show Name,pokemon world championships 2026,Phrase,Enabled
Show - Pokemon Worlds San Francisco Aug 2026,Pokemon Worlds - Show Name,pokemon worlds,Exact,Enabled
Show - Pokemon Worlds San Francisco Aug 2026,Pokemon Worlds - Show Name,pokemon worlds,Phrase,Enabled
Show - Pokemon Worlds San Francisco Aug 2026,Pokemon Worlds - Show Name,pokemon worlds 2026,Exact,Enabled
Show - Pokemon Worlds San Francisco Aug 2026,Pokemon Worlds - Show Name,pokemon worlds 2026,Phrase,Enabled
Show - Pokemon Worlds San Francisco Aug 2026,Pokemon Worlds - Show Name,pokemon worlds san francisco,Exact,Enabled
Show - Pokemon Worlds San Francisco Aug 2026,Pokemon Worlds - Show Name,pokemon worlds san francisco,Phrase,Enabled
Show - Pokemon Worlds San Francisco Aug 2026,Pokemon Worlds - Show Name,pokemon worlds card show,Exact,Enabled
Show - Pokemon Worlds San Francisco Aug 2026,Pokemon Worlds - Show Name,pokemon worlds card show,Phrase,Enabled
Show - Pokemon Worlds San Francisco Aug 2026,Pokemon Worlds - Show Name,pokemon worlds tickets,Exact,Enabled
Show - Pokemon Worlds San Francisco Aug 2026,Pokemon Worlds - Show Name,pokemon worlds tickets,Phrase,Enabled
Show - Pokemon Worlds San Francisco Aug 2026,Pokemon Worlds - Show Name,pokemon worlds dates,Exact,Enabled
Show - Pokemon Worlds San Francisco Aug 2026,Pokemon Worlds - Show Name,pokemon worlds dates,Phrase,Enabled
Show - Pokemon Worlds San Francisco Aug 2026,Pokemon Worlds - Show Name,pokemon worlds schedule,Exact,Enabled
Show - Pokemon Worlds San Francisco Aug 2026,Pokemon Worlds - Show Name,pokemon worlds schedule,Phrase,Enabled
Show - Pokemon Worlds San Francisco Aug 2026,Pokemon Worlds - Show Name,pokemon worlds hours,Exact,Enabled
Show - Pokemon Worlds San Francisco Aug 2026,Pokemon Worlds - Show Name,pokemon worlds hours,Phrase,Enabled
Show - Pokemon Worlds San Francisco Aug 2026,Pokemon Worlds - Show Name,pokemon worlds vendors,Exact,Enabled
Show - Pokemon Worlds San Francisco Aug 2026,Pokemon Worlds - Show Name,pokemon worlds vendors,Phrase,Enabled
Show - Pokemon Worlds San Francisco Aug 2026,Pokemon Worlds - Show Name,pokemon worlds august,Exact,Enabled
Show - Pokemon Worlds San Francisco Aug 2026,Pokemon Worlds - Show Name,pokemon worlds august,Phrase,Enabled
Show - Pokemon Worlds San Francisco Aug 2026,Pokemon Worlds - San Francisco Card Show,card show san francisco,Exact,Enabled
Show - Pokemon Worlds San Francisco Aug 2026,Pokemon Worlds - San Francisco Card Show,card show san francisco,Phrase,Enabled
Show - Pokemon Worlds San Francisco Aug 2026,Pokemon Worlds - San Francisco Card Show,san francisco card show,Exact,Enabled
Show - Pokemon Worlds San Francisco Aug 2026,Pokemon Worlds - San Francisco Card Show,san francisco card show,Phrase,Enabled
Show - Pokemon Worlds San Francisco Aug 2026,Pokemon Worlds - San Francisco Card Show,san francisco card show august,Exact,Enabled
Show - Pokemon Worlds San Francisco Aug 2026,Pokemon Worlds - San Francisco Card Show,san francisco card show august,Phrase,Enabled
Show - Pokemon Worlds San Francisco Aug 2026,Pokemon Worlds - San Francisco Card Show,card show san francisco this weekend,Exact,Enabled
Show - Pokemon Worlds San Francisco Aug 2026,Pokemon Worlds - San Francisco Card Show,card show san francisco this weekend,Phrase,Enabled
Show - Pokemon Worlds San Francisco Aug 2026,Pokemon Worlds - San Francisco Card Show,card show near san francisco,Exact,Enabled
Show - Pokemon Worlds San Francisco Aug 2026,Pokemon Worlds - San Francisco Card Show,card show near san francisco,Phrase,Enabled
Show - Pokemon Worlds San Francisco Aug 2026,Pokemon Worlds - San Francisco Card Show,trading card show san francisco,Exact,Enabled
Show - Pokemon Worlds San Francisco Aug 2026,Pokemon Worlds - San Francisco Card Show,trading card show san francisco,Phrase,Enabled
Show - Pokemon Worlds San Francisco Aug 2026,Pokemon Worlds - San Francisco Card Show,san francisco card convention,Exact,Enabled
Show - Pokemon Worlds San Francisco Aug 2026,Pokemon Worlds - San Francisco Card Show,san francisco card convention,Phrase,Enabled
Show - Pokemon Worlds San Francisco Aug 2026,Pokemon Worlds - San Francisco Card Show,card shows in california,Exact,Enabled
Show - Pokemon Worlds San Francisco Aug 2026,Pokemon Worlds - San Francisco Card Show,card shows in california,Phrase,Enabled
Show - Pokemon Worlds San Francisco Aug 2026,Pokemon Worlds - San Francisco Card Show,california card show 2026,Exact,Enabled
Show - Pokemon Worlds San Francisco Aug 2026,Pokemon Worlds - San Francisco Card Show,california card show 2026,Phrase,Enabled
Show - Pokemon Worlds San Francisco Aug 2026,Pokemon Worlds - San Francisco Card Show,san francisco pokemon card show,Exact,Enabled
Show - Pokemon Worlds San Francisco Aug 2026,Pokemon Worlds - San Francisco Card Show,san francisco pokemon card show,Phrase,Enabled
Show - Pokemon Worlds San Francisco Aug 2026,Pokemon Worlds - San Francisco Card Show,pokemon card show san francisco,Exact,Enabled
Show - Pokemon Worlds San Francisco Aug 2026,Pokemon Worlds - San Francisco Card Show,pokemon card show san francisco,Phrase,Enabled
Show - Pokemon Worlds San Francisco Aug 2026,Pokemon Worlds - San Francisco Card Show,san francisco tcg show,Exact,Enabled
Show - Pokemon Worlds San Francisco Aug 2026,Pokemon Worlds - San Francisco Card Show,san francisco tcg show,Phrase,Enabled
Show - Pokemon Worlds San Francisco Aug 2026,Pokemon Worlds - San Francisco Card Show,pokemon event san francisco,Exact,Enabled
Show - Pokemon Worlds San Francisco Aug 2026,Pokemon Worlds - San Francisco Card Show,pokemon event san francisco,Phrase,Enabled
Show - Pokemon Worlds San Francisco Aug 2026,Pokemon Worlds - San Francisco Card Show,pokemon regional san francisco,Exact,Enabled
Show - Pokemon Worlds San Francisco Aug 2026,Pokemon Worlds - San Francisco Card Show,pokemon regional san francisco,Phrase,Enabled
Show - Pokemon Worlds San Francisco Aug 2026,Pokemon Worlds - San Francisco Card Show,pokemon championship san francisco,Exact,Enabled
Show - Pokemon Worlds San Francisco Aug 2026,Pokemon Worlds - San Francisco Card Show,pokemon championship san francisco,Phrase,Enabled
Show - Pokemon Worlds San Francisco Aug 2026,Pokemon Worlds - San Francisco Card Show,pokemon tournament san francisco 2026,Exact,Enabled
Show - Pokemon Worlds San Francisco Aug 2026,Pokemon Worlds - San Francisco Card Show,pokemon tournament san francisco 2026,Phrase,Enabled
Show - Pokemon Worlds San Francisco Aug 2026,Pokemon Worlds - Venue,moscone center card show,Exact,Enabled
Show - Pokemon Worlds San Francisco Aug 2026,Pokemon Worlds - Venue,moscone center card show,Phrase,Enabled
Show - Pokemon Worlds San Francisco Aug 2026,Pokemon Worlds - Venue,moscone center august 2026,Exact,Enabled
Show - Pokemon Worlds San Francisco Aug 2026,Pokemon Worlds - Venue,moscone center august 2026,Phrase,Enabled
Show - Pokemon Worlds San Francisco Aug 2026,Pokemon Worlds - Venue,moscone center events august,Exact,Enabled
Show - Pokemon Worlds San Francisco Aug 2026,Pokemon Worlds - Venue,moscone center events august,Phrase,Enabled
Show - Pokemon Worlds San Francisco Aug 2026,Pokemon Worlds - Venue,what is at moscone center this weekend,Exact,Enabled
Show - Pokemon Worlds San Francisco Aug 2026,Pokemon Worlds - Venue,what is at moscone center this weekend,Phrase,Enabled
Show - Collect-A-Con Richmond Aug 2026,Collect-A-Con Richmond - Show Name,collect-a-con richmond,Exact,Enabled
Show - Collect-A-Con Richmond Aug 2026,Collect-A-Con Richmond - Show Name,collect-a-con richmond,Phrase,Enabled
Show - Collect-A-Con Richmond Aug 2026,Collect-A-Con Richmond - Show Name,collect-a-con richmond 2026,Exact,Enabled
Show - Collect-A-Con Richmond Aug 2026,Collect-A-Con Richmond - Show Name,collect-a-con richmond 2026,Phrase,Enabled
Show - Collect-A-Con Richmond Aug 2026,Collect-A-Con Richmond - Show Name,collect-a-con richmond richmond,Exact,Enabled
Show - Collect-A-Con Richmond Aug 2026,Collect-A-Con Richmond - Show Name,collect-a-con richmond richmond,Phrase,Enabled
Show - Collect-A-Con Richmond Aug 2026,Collect-A-Con Richmond - Show Name,collect-a-con richmond card show,Exact,Enabled
Show - Collect-A-Con Richmond Aug 2026,Collect-A-Con Richmond - Show Name,collect-a-con richmond card show,Phrase,Enabled
Show - Collect-A-Con Richmond Aug 2026,Collect-A-Con Richmond - Show Name,collect-a-con richmond tickets,Exact,Enabled
Show - Collect-A-Con Richmond Aug 2026,Collect-A-Con Richmond - Show Name,collect-a-con richmond tickets,Phrase,Enabled
Show - Collect-A-Con Richmond Aug 2026,Collect-A-Con Richmond - Show Name,collect-a-con richmond dates,Exact,Enabled
Show - Collect-A-Con Richmond Aug 2026,Collect-A-Con Richmond - Show Name,collect-a-con richmond dates,Phrase,Enabled
Show - Collect-A-Con Richmond Aug 2026,Collect-A-Con Richmond - Show Name,collect-a-con richmond schedule,Exact,Enabled
Show - Collect-A-Con Richmond Aug 2026,Collect-A-Con Richmond - Show Name,collect-a-con richmond schedule,Phrase,Enabled
Show - Collect-A-Con Richmond Aug 2026,Collect-A-Con Richmond - Show Name,collect-a-con richmond hours,Exact,Enabled
Show - Collect-A-Con Richmond Aug 2026,Collect-A-Con Richmond - Show Name,collect-a-con richmond hours,Phrase,Enabled
Show - Collect-A-Con Richmond Aug 2026,Collect-A-Con Richmond - Show Name,collect-a-con richmond vendors,Exact,Enabled
Show - Collect-A-Con Richmond Aug 2026,Collect-A-Con Richmond - Show Name,collect-a-con richmond vendors,Phrase,Enabled
Show - Collect-A-Con Richmond Aug 2026,Collect-A-Con Richmond - Show Name,collect-a-con richmond august,Exact,Enabled
Show - Collect-A-Con Richmond Aug 2026,Collect-A-Con Richmond - Show Name,collect-a-con richmond august,Phrase,Enabled
Show - Collect-A-Con Richmond Aug 2026,Collect-A-Con Richmond - Richmond Card Show,card show richmond,Exact,Enabled
Show - Collect-A-Con Richmond Aug 2026,Collect-A-Con Richmond - Richmond Card Show,card show richmond,Phrase,Enabled
Show - Collect-A-Con Richmond Aug 2026,Collect-A-Con Richmond - Richmond Card Show,richmond card show,Exact,Enabled
Show - Collect-A-Con Richmond Aug 2026,Collect-A-Con Richmond - Richmond Card Show,richmond card show,Phrase,Enabled
Show - Collect-A-Con Richmond Aug 2026,Collect-A-Con Richmond - Richmond Card Show,richmond card show august,Exact,Enabled
Show - Collect-A-Con Richmond Aug 2026,Collect-A-Con Richmond - Richmond Card Show,richmond card show august,Phrase,Enabled
Show - Collect-A-Con Richmond Aug 2026,Collect-A-Con Richmond - Richmond Card Show,card show richmond this weekend,Exact,Enabled
Show - Collect-A-Con Richmond Aug 2026,Collect-A-Con Richmond - Richmond Card Show,card show richmond this weekend,Phrase,Enabled
Show - Collect-A-Con Richmond Aug 2026,Collect-A-Con Richmond - Richmond Card Show,card show near richmond,Exact,Enabled
Show - Collect-A-Con Richmond Aug 2026,Collect-A-Con Richmond - Richmond Card Show,card show near richmond,Phrase,Enabled
Show - Collect-A-Con Richmond Aug 2026,Collect-A-Con Richmond - Richmond Card Show,trading card show richmond,Exact,Enabled
Show - Collect-A-Con Richmond Aug 2026,Collect-A-Con Richmond - Richmond Card Show,trading card show richmond,Phrase,Enabled
Show - Collect-A-Con Richmond Aug 2026,Collect-A-Con Richmond - Richmond Card Show,richmond card convention,Exact,Enabled
Show - Collect-A-Con Richmond Aug 2026,Collect-A-Con Richmond - Richmond Card Show,richmond card convention,Phrase,Enabled
Show - Collect-A-Con Richmond Aug 2026,Collect-A-Con Richmond - Richmond Card Show,card shows in virginia,Exact,Enabled
Show - Collect-A-Con Richmond Aug 2026,Collect-A-Con Richmond - Richmond Card Show,card shows in virginia,Phrase,Enabled
Show - Collect-A-Con Richmond Aug 2026,Collect-A-Con Richmond - Richmond Card Show,virginia card show 2026,Exact,Enabled
Show - Collect-A-Con Richmond Aug 2026,Collect-A-Con Richmond - Richmond Card Show,virginia card show 2026,Phrase,Enabled
Show - Collect-A-Con Richmond Aug 2026,Collect-A-Con Richmond - Richmond Card Show,richmond pokemon card show,Exact,Enabled
Show - Collect-A-Con Richmond Aug 2026,Collect-A-Con Richmond - Richmond Card Show,richmond pokemon card show,Phrase,Enabled
Show - Collect-A-Con Richmond Aug 2026,Collect-A-Con Richmond - Richmond Card Show,pokemon card show richmond,Exact,Enabled
Show - Collect-A-Con Richmond Aug 2026,Collect-A-Con Richmond - Richmond Card Show,pokemon card show richmond,Phrase,Enabled
Show - Collect-A-Con Richmond Aug 2026,Collect-A-Con Richmond - Richmond Card Show,richmond tcg show,Exact,Enabled
Show - Collect-A-Con Richmond Aug 2026,Collect-A-Con Richmond - Richmond Card Show,richmond tcg show,Phrase,Enabled
Show - Collect-A-Con Richmond Aug 2026,Collect-A-Con Richmond - Richmond Card Show,pokemon event richmond,Exact,Enabled
Show - Collect-A-Con Richmond Aug 2026,Collect-A-Con Richmond - Richmond Card Show,pokemon event richmond,Phrase,Enabled
Show - Collect-A-Con Richmond Aug 2026,Collect-A-Con Richmond - Venue,greater richmond convention center card show,Exact,Enabled
Show - Collect-A-Con Richmond Aug 2026,Collect-A-Con Richmond - Venue,greater richmond convention center card show,Phrase,Enabled
Show - Collect-A-Con Richmond Aug 2026,Collect-A-Con Richmond - Venue,greater richmond convention center august 2026,Exact,Enabled
Show - Collect-A-Con Richmond Aug 2026,Collect-A-Con Richmond - Venue,greater richmond convention center august 2026,Phrase,Enabled
Show - Collect-A-Con Richmond Aug 2026,Collect-A-Con Richmond - Venue,greater richmond convention center events august,Exact,Enabled
Show - Collect-A-Con Richmond Aug 2026,Collect-A-Con Richmond - Venue,greater richmond convention center events august,Phrase,Enabled
Show - Collect-A-Con Richmond Aug 2026,Collect-A-Con Richmond - Venue,what is at greater richmond convention center this weekend,Exact,Enabled
Show - Collect-A-Con Richmond Aug 2026,Collect-A-Con Richmond - Venue,what is at greater richmond convention center this weekend,Phrase,Enabled
Show - Collect-A-Con Charlotte Aug 2026,Collect-A-Con Charlotte - Show Name,collect-a-con charlotte,Exact,Enabled
Show - Collect-A-Con Charlotte Aug 2026,Collect-A-Con Charlotte - Show Name,collect-a-con charlotte,Phrase,Enabled
Show - Collect-A-Con Charlotte Aug 2026,Collect-A-Con Charlotte - Show Name,collect-a-con charlotte 2026,Exact,Enabled
Show - Collect-A-Con Charlotte Aug 2026,Collect-A-Con Charlotte - Show Name,collect-a-con charlotte 2026,Phrase,Enabled
Show - Collect-A-Con Charlotte Aug 2026,Collect-A-Con Charlotte - Show Name,collect-a-con charlotte charlotte,Exact,Enabled
Show - Collect-A-Con Charlotte Aug 2026,Collect-A-Con Charlotte - Show Name,collect-a-con charlotte charlotte,Phrase,Enabled
Show - Collect-A-Con Charlotte Aug 2026,Collect-A-Con Charlotte - Show Name,collect-a-con charlotte card show,Exact,Enabled
Show - Collect-A-Con Charlotte Aug 2026,Collect-A-Con Charlotte - Show Name,collect-a-con charlotte card show,Phrase,Enabled
Show - Collect-A-Con Charlotte Aug 2026,Collect-A-Con Charlotte - Show Name,collect-a-con charlotte tickets,Exact,Enabled
Show - Collect-A-Con Charlotte Aug 2026,Collect-A-Con Charlotte - Show Name,collect-a-con charlotte tickets,Phrase,Enabled
Show - Collect-A-Con Charlotte Aug 2026,Collect-A-Con Charlotte - Show Name,collect-a-con charlotte dates,Exact,Enabled
Show - Collect-A-Con Charlotte Aug 2026,Collect-A-Con Charlotte - Show Name,collect-a-con charlotte dates,Phrase,Enabled
Show - Collect-A-Con Charlotte Aug 2026,Collect-A-Con Charlotte - Show Name,collect-a-con charlotte schedule,Exact,Enabled
Show - Collect-A-Con Charlotte Aug 2026,Collect-A-Con Charlotte - Show Name,collect-a-con charlotte schedule,Phrase,Enabled
Show - Collect-A-Con Charlotte Aug 2026,Collect-A-Con Charlotte - Show Name,collect-a-con charlotte hours,Exact,Enabled
Show - Collect-A-Con Charlotte Aug 2026,Collect-A-Con Charlotte - Show Name,collect-a-con charlotte hours,Phrase,Enabled
Show - Collect-A-Con Charlotte Aug 2026,Collect-A-Con Charlotte - Show Name,collect-a-con charlotte vendors,Exact,Enabled
Show - Collect-A-Con Charlotte Aug 2026,Collect-A-Con Charlotte - Show Name,collect-a-con charlotte vendors,Phrase,Enabled
Show - Collect-A-Con Charlotte Aug 2026,Collect-A-Con Charlotte - Show Name,collect-a-con charlotte august,Exact,Enabled
Show - Collect-A-Con Charlotte Aug 2026,Collect-A-Con Charlotte - Show Name,collect-a-con charlotte august,Phrase,Enabled
Show - Collect-A-Con Charlotte Aug 2026,Collect-A-Con Charlotte - Charlotte Card Show,card show charlotte,Exact,Enabled
Show - Collect-A-Con Charlotte Aug 2026,Collect-A-Con Charlotte - Charlotte Card Show,card show charlotte,Phrase,Enabled
Show - Collect-A-Con Charlotte Aug 2026,Collect-A-Con Charlotte - Charlotte Card Show,charlotte card show,Exact,Enabled
Show - Collect-A-Con Charlotte Aug 2026,Collect-A-Con Charlotte - Charlotte Card Show,charlotte card show,Phrase,Enabled
Show - Collect-A-Con Charlotte Aug 2026,Collect-A-Con Charlotte - Charlotte Card Show,charlotte card show august,Exact,Enabled
Show - Collect-A-Con Charlotte Aug 2026,Collect-A-Con Charlotte - Charlotte Card Show,charlotte card show august,Phrase,Enabled
Show - Collect-A-Con Charlotte Aug 2026,Collect-A-Con Charlotte - Charlotte Card Show,card show charlotte this weekend,Exact,Enabled
Show - Collect-A-Con Charlotte Aug 2026,Collect-A-Con Charlotte - Charlotte Card Show,card show charlotte this weekend,Phrase,Enabled
Show - Collect-A-Con Charlotte Aug 2026,Collect-A-Con Charlotte - Charlotte Card Show,card show near charlotte,Exact,Enabled
Show - Collect-A-Con Charlotte Aug 2026,Collect-A-Con Charlotte - Charlotte Card Show,card show near charlotte,Phrase,Enabled
Show - Collect-A-Con Charlotte Aug 2026,Collect-A-Con Charlotte - Charlotte Card Show,trading card show charlotte,Exact,Enabled
Show - Collect-A-Con Charlotte Aug 2026,Collect-A-Con Charlotte - Charlotte Card Show,trading card show charlotte,Phrase,Enabled
Show - Collect-A-Con Charlotte Aug 2026,Collect-A-Con Charlotte - Charlotte Card Show,charlotte card convention,Exact,Enabled
Show - Collect-A-Con Charlotte Aug 2026,Collect-A-Con Charlotte - Charlotte Card Show,charlotte card convention,Phrase,Enabled
Show - Collect-A-Con Charlotte Aug 2026,Collect-A-Con Charlotte - Charlotte Card Show,card shows in north carolina,Exact,Enabled
Show - Collect-A-Con Charlotte Aug 2026,Collect-A-Con Charlotte - Charlotte Card Show,card shows in north carolina,Phrase,Enabled
Show - Collect-A-Con Charlotte Aug 2026,Collect-A-Con Charlotte - Charlotte Card Show,north carolina card show 2026,Exact,Enabled
Show - Collect-A-Con Charlotte Aug 2026,Collect-A-Con Charlotte - Charlotte Card Show,north carolina card show 2026,Phrase,Enabled
Show - Collect-A-Con Charlotte Aug 2026,Collect-A-Con Charlotte - Charlotte Card Show,charlotte pokemon card show,Exact,Enabled
Show - Collect-A-Con Charlotte Aug 2026,Collect-A-Con Charlotte - Charlotte Card Show,charlotte pokemon card show,Phrase,Enabled
Show - Collect-A-Con Charlotte Aug 2026,Collect-A-Con Charlotte - Charlotte Card Show,pokemon card show charlotte,Exact,Enabled
Show - Collect-A-Con Charlotte Aug 2026,Collect-A-Con Charlotte - Charlotte Card Show,pokemon card show charlotte,Phrase,Enabled
Show - Collect-A-Con Charlotte Aug 2026,Collect-A-Con Charlotte - Charlotte Card Show,charlotte tcg show,Exact,Enabled
Show - Collect-A-Con Charlotte Aug 2026,Collect-A-Con Charlotte - Charlotte Card Show,charlotte tcg show,Phrase,Enabled
Show - Collect-A-Con Charlotte Aug 2026,Collect-A-Con Charlotte - Charlotte Card Show,pokemon event charlotte,Exact,Enabled
Show - Collect-A-Con Charlotte Aug 2026,Collect-A-Con Charlotte - Charlotte Card Show,pokemon event charlotte,Phrase,Enabled
Show - Collect-A-Con Charlotte Aug 2026,Collect-A-Con Charlotte - Venue,charlotte convention center card show,Exact,Enabled
Show - Collect-A-Con Charlotte Aug 2026,Collect-A-Con Charlotte - Venue,charlotte convention center card show,Phrase,Enabled
Show - Collect-A-Con Charlotte Aug 2026,Collect-A-Con Charlotte - Venue,charlotte convention center august 2026,Exact,Enabled
Show - Collect-A-Con Charlotte Aug 2026,Collect-A-Con Charlotte - Venue,charlotte convention center august 2026,Phrase,Enabled
Show - Collect-A-Con Charlotte Aug 2026,Collect-A-Con Charlotte - Venue,charlotte convention center events august,Exact,Enabled
Show - Collect-A-Con Charlotte Aug 2026,Collect-A-Con Charlotte - Venue,charlotte convention center events august,Phrase,Enabled
Show - Collect-A-Con Charlotte Aug 2026,Collect-A-Con Charlotte - Venue,what is at charlotte convention center this weekend,Exact,Enabled
Show - Collect-A-Con Charlotte Aug 2026,Collect-A-Con Charlotte - Venue,what is at charlotte convention center this weekend,Phrase,Enabled
Show - Culture Collision Atlanta Sep 2026,Culture Collision - Show Name,culture collision trade show,Exact,Enabled
Show - Culture Collision Atlanta Sep 2026,Culture Collision - Show Name,culture collision trade show,Phrase,Enabled
Show - Culture Collision Atlanta Sep 2026,Culture Collision - Show Name,culture collision,Exact,Enabled
Show - Culture Collision Atlanta Sep 2026,Culture Collision - Show Name,culture collision,Phrase,Enabled
Show - Culture Collision Atlanta Sep 2026,Culture Collision - Show Name,culture collision 2026,Exact,Enabled
Show - Culture Collision Atlanta Sep 2026,Culture Collision - Show Name,culture collision 2026,Phrase,Enabled
Show - Culture Collision Atlanta Sep 2026,Culture Collision - Show Name,culture collision atlanta,Exact,Enabled
Show - Culture Collision Atlanta Sep 2026,Culture Collision - Show Name,culture collision atlanta,Phrase,Enabled
Show - Culture Collision Atlanta Sep 2026,Culture Collision - Show Name,culture collision card show,Exact,Enabled
Show - Culture Collision Atlanta Sep 2026,Culture Collision - Show Name,culture collision card show,Phrase,Enabled
Show - Culture Collision Atlanta Sep 2026,Culture Collision - Show Name,culture collision tickets,Exact,Enabled
Show - Culture Collision Atlanta Sep 2026,Culture Collision - Show Name,culture collision tickets,Phrase,Enabled
Show - Culture Collision Atlanta Sep 2026,Culture Collision - Show Name,culture collision dates,Exact,Enabled
Show - Culture Collision Atlanta Sep 2026,Culture Collision - Show Name,culture collision dates,Phrase,Enabled
Show - Culture Collision Atlanta Sep 2026,Culture Collision - Show Name,culture collision schedule,Exact,Enabled
Show - Culture Collision Atlanta Sep 2026,Culture Collision - Show Name,culture collision schedule,Phrase,Enabled
Show - Culture Collision Atlanta Sep 2026,Culture Collision - Show Name,culture collision hours,Exact,Enabled
Show - Culture Collision Atlanta Sep 2026,Culture Collision - Show Name,culture collision hours,Phrase,Enabled
Show - Culture Collision Atlanta Sep 2026,Culture Collision - Show Name,culture collision vendors,Exact,Enabled
Show - Culture Collision Atlanta Sep 2026,Culture Collision - Show Name,culture collision vendors,Phrase,Enabled
Show - Culture Collision Atlanta Sep 2026,Culture Collision - Show Name,culture collision september,Exact,Enabled
Show - Culture Collision Atlanta Sep 2026,Culture Collision - Show Name,culture collision september,Phrase,Enabled
Show - Culture Collision Atlanta Sep 2026,Culture Collision - Atlanta Card Show,card show atlanta,Exact,Enabled
Show - Culture Collision Atlanta Sep 2026,Culture Collision - Atlanta Card Show,card show atlanta,Phrase,Enabled
Show - Culture Collision Atlanta Sep 2026,Culture Collision - Atlanta Card Show,atlanta card show,Exact,Enabled
Show - Culture Collision Atlanta Sep 2026,Culture Collision - Atlanta Card Show,atlanta card show,Phrase,Enabled
Show - Culture Collision Atlanta Sep 2026,Culture Collision - Atlanta Card Show,atlanta card show september,Exact,Enabled
Show - Culture Collision Atlanta Sep 2026,Culture Collision - Atlanta Card Show,atlanta card show september,Phrase,Enabled
Show - Culture Collision Atlanta Sep 2026,Culture Collision - Atlanta Card Show,card show atlanta this weekend,Exact,Enabled
Show - Culture Collision Atlanta Sep 2026,Culture Collision - Atlanta Card Show,card show atlanta this weekend,Phrase,Enabled
Show - Culture Collision Atlanta Sep 2026,Culture Collision - Atlanta Card Show,card show near atlanta,Exact,Enabled
Show - Culture Collision Atlanta Sep 2026,Culture Collision - Atlanta Card Show,card show near atlanta,Phrase,Enabled
Show - Culture Collision Atlanta Sep 2026,Culture Collision - Atlanta Card Show,trading card show atlanta,Exact,Enabled
Show - Culture Collision Atlanta Sep 2026,Culture Collision - Atlanta Card Show,trading card show atlanta,Phrase,Enabled
Show - Culture Collision Atlanta Sep 2026,Culture Collision - Atlanta Card Show,atlanta card convention,Exact,Enabled
Show - Culture Collision Atlanta Sep 2026,Culture Collision - Atlanta Card Show,atlanta card convention,Phrase,Enabled
Show - Culture Collision Atlanta Sep 2026,Culture Collision - Atlanta Card Show,card shows in georgia,Exact,Enabled
Show - Culture Collision Atlanta Sep 2026,Culture Collision - Atlanta Card Show,card shows in georgia,Phrase,Enabled
Show - Culture Collision Atlanta Sep 2026,Culture Collision - Atlanta Card Show,georgia card show 2026,Exact,Enabled
Show - Culture Collision Atlanta Sep 2026,Culture Collision - Atlanta Card Show,georgia card show 2026,Phrase,Enabled
Show - Culture Collision Atlanta Sep 2026,Culture Collision - Atlanta Card Show,atlanta sports card show,Exact,Enabled
Show - Culture Collision Atlanta Sep 2026,Culture Collision - Atlanta Card Show,atlanta sports card show,Phrase,Enabled
Show - Culture Collision Atlanta Sep 2026,Culture Collision - Atlanta Card Show,sports card show atlanta,Exact,Enabled
Show - Culture Collision Atlanta Sep 2026,Culture Collision - Atlanta Card Show,sports card show atlanta,Phrase,Enabled
Show - Culture Collision Atlanta Sep 2026,Culture Collision - Atlanta Card Show,baseball card show atlanta,Exact,Enabled
Show - Culture Collision Atlanta Sep 2026,Culture Collision - Atlanta Card Show,baseball card show atlanta,Phrase,Enabled
Show - Culture Collision Atlanta Sep 2026,Culture Collision - Atlanta Card Show,football card show atlanta,Exact,Enabled
Show - Culture Collision Atlanta Sep 2026,Culture Collision - Atlanta Card Show,football card show atlanta,Phrase,Enabled
Show - Culture Collision Atlanta Sep 2026,Culture Collision - Atlanta Card Show,atlanta pokemon card show,Exact,Enabled
Show - Culture Collision Atlanta Sep 2026,Culture Collision - Atlanta Card Show,atlanta pokemon card show,Phrase,Enabled
Show - Culture Collision Atlanta Sep 2026,Culture Collision - Atlanta Card Show,pokemon card show atlanta,Exact,Enabled
Show - Culture Collision Atlanta Sep 2026,Culture Collision - Atlanta Card Show,pokemon card show atlanta,Phrase,Enabled
Show - Culture Collision Atlanta Sep 2026,Culture Collision - Atlanta Card Show,atlanta tcg show,Exact,Enabled
Show - Culture Collision Atlanta Sep 2026,Culture Collision - Atlanta Card Show,atlanta tcg show,Phrase,Enabled
Show - Culture Collision Atlanta Sep 2026,Culture Collision - Atlanta Card Show,pokemon event atlanta,Exact,Enabled
Show - Culture Collision Atlanta Sep 2026,Culture Collision - Atlanta Card Show,pokemon event atlanta,Phrase,Enabled
Show - Culture Collision Atlanta Sep 2026,Culture Collision - Venue,gas south convention center card show,Exact,Enabled
Show - Culture Collision Atlanta Sep 2026,Culture Collision - Venue,gas south convention center card show,Phrase,Enabled
Show - Culture Collision Atlanta Sep 2026,Culture Collision - Venue,gas south convention center september 2026,Exact,Enabled
Show - Culture Collision Atlanta Sep 2026,Culture Collision - Venue,gas south convention center september 2026,Phrase,Enabled
Show - Culture Collision Atlanta Sep 2026,Culture Collision - Venue,gas south convention center events september,Exact,Enabled
Show - Culture Collision Atlanta Sep 2026,Culture Collision - Venue,gas south convention center events september,Phrase,Enabled
Show - Culture Collision Atlanta Sep 2026,Culture Collision - Venue,what is at gas south convention center this weekend,Exact,Enabled
Show - Culture Collision Atlanta Sep 2026,Culture Collision - Venue,what is at gas south convention center this weekend,Phrase,Enabled
Show - Collect-A-Con SF San Francisco Sep 2026,Collect-A-Con SF - Show Name,collect-a-con san francisco,Exact,Enabled
Show - Collect-A-Con SF San Francisco Sep 2026,Collect-A-Con SF - Show Name,collect-a-con san francisco,Phrase,Enabled
Show - Collect-A-Con SF San Francisco Sep 2026,Collect-A-Con SF - Show Name,collect-a-con sf,Exact,Enabled
Show - Collect-A-Con SF San Francisco Sep 2026,Collect-A-Con SF - Show Name,collect-a-con sf,Phrase,Enabled
Show - Collect-A-Con SF San Francisco Sep 2026,Collect-A-Con SF - Show Name,collect-a-con sf 2026,Exact,Enabled
Show - Collect-A-Con SF San Francisco Sep 2026,Collect-A-Con SF - Show Name,collect-a-con sf 2026,Phrase,Enabled
Show - Collect-A-Con SF San Francisco Sep 2026,Collect-A-Con SF - Show Name,collect-a-con sf san francisco,Exact,Enabled
Show - Collect-A-Con SF San Francisco Sep 2026,Collect-A-Con SF - Show Name,collect-a-con sf san francisco,Phrase,Enabled
Show - Collect-A-Con SF San Francisco Sep 2026,Collect-A-Con SF - Show Name,collect-a-con sf card show,Exact,Enabled
Show - Collect-A-Con SF San Francisco Sep 2026,Collect-A-Con SF - Show Name,collect-a-con sf card show,Phrase,Enabled
Show - Collect-A-Con SF San Francisco Sep 2026,Collect-A-Con SF - Show Name,collect-a-con sf tickets,Exact,Enabled
Show - Collect-A-Con SF San Francisco Sep 2026,Collect-A-Con SF - Show Name,collect-a-con sf tickets,Phrase,Enabled
Show - Collect-A-Con SF San Francisco Sep 2026,Collect-A-Con SF - Show Name,collect-a-con sf dates,Exact,Enabled
Show - Collect-A-Con SF San Francisco Sep 2026,Collect-A-Con SF - Show Name,collect-a-con sf dates,Phrase,Enabled
Show - Collect-A-Con SF San Francisco Sep 2026,Collect-A-Con SF - Show Name,collect-a-con sf schedule,Exact,Enabled
Show - Collect-A-Con SF San Francisco Sep 2026,Collect-A-Con SF - Show Name,collect-a-con sf schedule,Phrase,Enabled
Show - Collect-A-Con SF San Francisco Sep 2026,Collect-A-Con SF - Show Name,collect-a-con sf hours,Exact,Enabled
Show - Collect-A-Con SF San Francisco Sep 2026,Collect-A-Con SF - Show Name,collect-a-con sf hours,Phrase,Enabled
Show - Collect-A-Con SF San Francisco Sep 2026,Collect-A-Con SF - Show Name,collect-a-con sf vendors,Exact,Enabled
Show - Collect-A-Con SF San Francisco Sep 2026,Collect-A-Con SF - Show Name,collect-a-con sf vendors,Phrase,Enabled
Show - Collect-A-Con SF San Francisco Sep 2026,Collect-A-Con SF - Show Name,collect-a-con sf september,Exact,Enabled
Show - Collect-A-Con SF San Francisco Sep 2026,Collect-A-Con SF - Show Name,collect-a-con sf september,Phrase,Enabled
Show - Collect-A-Con SF San Francisco Sep 2026,Collect-A-Con SF - San Francisco Card Show,card show san francisco,Exact,Enabled
Show - Collect-A-Con SF San Francisco Sep 2026,Collect-A-Con SF - San Francisco Card Show,card show san francisco,Phrase,Enabled
Show - Collect-A-Con SF San Francisco Sep 2026,Collect-A-Con SF - San Francisco Card Show,san francisco card show,Exact,Enabled
Show - Collect-A-Con SF San Francisco Sep 2026,Collect-A-Con SF - San Francisco Card Show,san francisco card show,Phrase,Enabled
Show - Collect-A-Con SF San Francisco Sep 2026,Collect-A-Con SF - San Francisco Card Show,san francisco card show september,Exact,Enabled
Show - Collect-A-Con SF San Francisco Sep 2026,Collect-A-Con SF - San Francisco Card Show,san francisco card show september,Phrase,Enabled
Show - Collect-A-Con SF San Francisco Sep 2026,Collect-A-Con SF - San Francisco Card Show,card show san francisco this weekend,Exact,Enabled
Show - Collect-A-Con SF San Francisco Sep 2026,Collect-A-Con SF - San Francisco Card Show,card show san francisco this weekend,Phrase,Enabled
Show - Collect-A-Con SF San Francisco Sep 2026,Collect-A-Con SF - San Francisco Card Show,card show near san francisco,Exact,Enabled
Show - Collect-A-Con SF San Francisco Sep 2026,Collect-A-Con SF - San Francisco Card Show,card show near san francisco,Phrase,Enabled
Show - Collect-A-Con SF San Francisco Sep 2026,Collect-A-Con SF - San Francisco Card Show,trading card show san francisco,Exact,Enabled
Show - Collect-A-Con SF San Francisco Sep 2026,Collect-A-Con SF - San Francisco Card Show,trading card show san francisco,Phrase,Enabled
Show - Collect-A-Con SF San Francisco Sep 2026,Collect-A-Con SF - San Francisco Card Show,san francisco card convention,Exact,Enabled
Show - Collect-A-Con SF San Francisco Sep 2026,Collect-A-Con SF - San Francisco Card Show,san francisco card convention,Phrase,Enabled
Show - Collect-A-Con SF San Francisco Sep 2026,Collect-A-Con SF - San Francisco Card Show,card shows in california,Exact,Enabled
Show - Collect-A-Con SF San Francisco Sep 2026,Collect-A-Con SF - San Francisco Card Show,card shows in california,Phrase,Enabled
Show - Collect-A-Con SF San Francisco Sep 2026,Collect-A-Con SF - San Francisco Card Show,california card show 2026,Exact,Enabled
Show - Collect-A-Con SF San Francisco Sep 2026,Collect-A-Con SF - San Francisco Card Show,california card show 2026,Phrase,Enabled
Show - Collect-A-Con SF San Francisco Sep 2026,Collect-A-Con SF - San Francisco Card Show,san francisco pokemon card show,Exact,Enabled
Show - Collect-A-Con SF San Francisco Sep 2026,Collect-A-Con SF - San Francisco Card Show,san francisco pokemon card show,Phrase,Enabled
Show - Collect-A-Con SF San Francisco Sep 2026,Collect-A-Con SF - San Francisco Card Show,pokemon card show san francisco,Exact,Enabled
Show - Collect-A-Con SF San Francisco Sep 2026,Collect-A-Con SF - San Francisco Card Show,pokemon card show san francisco,Phrase,Enabled
Show - Collect-A-Con SF San Francisco Sep 2026,Collect-A-Con SF - San Francisco Card Show,san francisco tcg show,Exact,Enabled
Show - Collect-A-Con SF San Francisco Sep 2026,Collect-A-Con SF - San Francisco Card Show,san francisco tcg show,Phrase,Enabled
Show - Collect-A-Con SF San Francisco Sep 2026,Collect-A-Con SF - San Francisco Card Show,pokemon event san francisco,Exact,Enabled
Show - Collect-A-Con SF San Francisco Sep 2026,Collect-A-Con SF - San Francisco Card Show,pokemon event san francisco,Phrase,Enabled
Show - Collect-A-Con SF San Francisco Sep 2026,Collect-A-Con SF - Venue,moscone center card show,Exact,Enabled
Show - Collect-A-Con SF San Francisco Sep 2026,Collect-A-Con SF - Venue,moscone center card show,Phrase,Enabled
Show - Collect-A-Con SF San Francisco Sep 2026,Collect-A-Con SF - Venue,moscone center september 2026,Exact,Enabled
Show - Collect-A-Con SF San Francisco Sep 2026,Collect-A-Con SF - Venue,moscone center september 2026,Phrase,Enabled
Show - Collect-A-Con SF San Francisco Sep 2026,Collect-A-Con SF - Venue,moscone center events september,Exact,Enabled
Show - Collect-A-Con SF San Francisco Sep 2026,Collect-A-Con SF - Venue,moscone center events september,Phrase,Enabled
Show - Collect-A-Con SF San Francisco Sep 2026,Collect-A-Con SF - Venue,what is at moscone center this weekend,Exact,Enabled
Show - Collect-A-Con SF San Francisco Sep 2026,Collect-A-Con SF - Venue,what is at moscone center this weekend,Phrase,Enabled
Show - Northeast Card Expo Stamford Sep 2026,Northeast Card Expo - Show Name,northeast sports card expo,Exact,Enabled
Show - Northeast Card Expo Stamford Sep 2026,Northeast Card Expo - Show Name,northeast sports card expo,Phrase,Enabled
Show - Northeast Card Expo Stamford Sep 2026,Northeast Card Expo - Show Name,northeast card expo,Exact,Enabled
Show - Northeast Card Expo Stamford Sep 2026,Northeast Card Expo - Show Name,northeast card expo,Phrase,Enabled
Show - Northeast Card Expo Stamford Sep 2026,Northeast Card Expo - Show Name,northeast card expo 2026,Exact,Enabled
Show - Northeast Card Expo Stamford Sep 2026,Northeast Card Expo - Show Name,northeast card expo 2026,Phrase,Enabled
Show - Northeast Card Expo Stamford Sep 2026,Northeast Card Expo - Show Name,northeast card expo stamford,Exact,Enabled
Show - Northeast Card Expo Stamford Sep 2026,Northeast Card Expo - Show Name,northeast card expo stamford,Phrase,Enabled
Show - Northeast Card Expo Stamford Sep 2026,Northeast Card Expo - Show Name,northeast card expo card show,Exact,Enabled
Show - Northeast Card Expo Stamford Sep 2026,Northeast Card Expo - Show Name,northeast card expo card show,Phrase,Enabled
Show - Northeast Card Expo Stamford Sep 2026,Northeast Card Expo - Show Name,northeast card expo tickets,Exact,Enabled
Show - Northeast Card Expo Stamford Sep 2026,Northeast Card Expo - Show Name,northeast card expo tickets,Phrase,Enabled
Show - Northeast Card Expo Stamford Sep 2026,Northeast Card Expo - Show Name,northeast card expo dates,Exact,Enabled
Show - Northeast Card Expo Stamford Sep 2026,Northeast Card Expo - Show Name,northeast card expo dates,Phrase,Enabled
Show - Northeast Card Expo Stamford Sep 2026,Northeast Card Expo - Show Name,northeast card expo schedule,Exact,Enabled
Show - Northeast Card Expo Stamford Sep 2026,Northeast Card Expo - Show Name,northeast card expo schedule,Phrase,Enabled
Show - Northeast Card Expo Stamford Sep 2026,Northeast Card Expo - Show Name,northeast card expo hours,Exact,Enabled
Show - Northeast Card Expo Stamford Sep 2026,Northeast Card Expo - Show Name,northeast card expo hours,Phrase,Enabled
Show - Northeast Card Expo Stamford Sep 2026,Northeast Card Expo - Show Name,northeast card expo vendors,Exact,Enabled
Show - Northeast Card Expo Stamford Sep 2026,Northeast Card Expo - Show Name,northeast card expo vendors,Phrase,Enabled
Show - Northeast Card Expo Stamford Sep 2026,Northeast Card Expo - Show Name,northeast card expo september,Exact,Enabled
Show - Northeast Card Expo Stamford Sep 2026,Northeast Card Expo - Show Name,northeast card expo september,Phrase,Enabled
Show - Northeast Card Expo Stamford Sep 2026,Northeast Card Expo - Stamford Card Show,card show stamford,Exact,Enabled
Show - Northeast Card Expo Stamford Sep 2026,Northeast Card Expo - Stamford Card Show,card show stamford,Phrase,Enabled
Show - Northeast Card Expo Stamford Sep 2026,Northeast Card Expo - Stamford Card Show,stamford card show,Exact,Enabled
Show - Northeast Card Expo Stamford Sep 2026,Northeast Card Expo - Stamford Card Show,stamford card show,Phrase,Enabled
Show - Northeast Card Expo Stamford Sep 2026,Northeast Card Expo - Stamford Card Show,stamford card show september,Exact,Enabled
Show - Northeast Card Expo Stamford Sep 2026,Northeast Card Expo - Stamford Card Show,stamford card show september,Phrase,Enabled
Show - Northeast Card Expo Stamford Sep 2026,Northeast Card Expo - Stamford Card Show,card show stamford this weekend,Exact,Enabled
Show - Northeast Card Expo Stamford Sep 2026,Northeast Card Expo - Stamford Card Show,card show stamford this weekend,Phrase,Enabled
Show - Northeast Card Expo Stamford Sep 2026,Northeast Card Expo - Stamford Card Show,card show near stamford,Exact,Enabled
Show - Northeast Card Expo Stamford Sep 2026,Northeast Card Expo - Stamford Card Show,card show near stamford,Phrase,Enabled
Show - Northeast Card Expo Stamford Sep 2026,Northeast Card Expo - Stamford Card Show,trading card show stamford,Exact,Enabled
Show - Northeast Card Expo Stamford Sep 2026,Northeast Card Expo - Stamford Card Show,trading card show stamford,Phrase,Enabled
Show - Northeast Card Expo Stamford Sep 2026,Northeast Card Expo - Stamford Card Show,stamford card convention,Exact,Enabled
Show - Northeast Card Expo Stamford Sep 2026,Northeast Card Expo - Stamford Card Show,stamford card convention,Phrase,Enabled
Show - Northeast Card Expo Stamford Sep 2026,Northeast Card Expo - Stamford Card Show,card shows in connecticut,Exact,Enabled
Show - Northeast Card Expo Stamford Sep 2026,Northeast Card Expo - Stamford Card Show,card shows in connecticut,Phrase,Enabled
Show - Northeast Card Expo Stamford Sep 2026,Northeast Card Expo - Stamford Card Show,connecticut card show 2026,Exact,Enabled
Show - Northeast Card Expo Stamford Sep 2026,Northeast Card Expo - Stamford Card Show,connecticut card show 2026,Phrase,Enabled
Show - Northeast Card Expo Stamford Sep 2026,Northeast Card Expo - Stamford Card Show,stamford sports card show,Exact,Enabled
Show - Northeast Card Expo Stamford Sep 2026,Northeast Card Expo - Stamford Card Show,stamford sports card show,Phrase,Enabled
Show - Northeast Card Expo Stamford Sep 2026,Northeast Card Expo - Stamford Card Show,sports card show stamford,Exact,Enabled
Show - Northeast Card Expo Stamford Sep 2026,Northeast Card Expo - Stamford Card Show,sports card show stamford,Phrase,Enabled
Show - Northeast Card Expo Stamford Sep 2026,Northeast Card Expo - Stamford Card Show,baseball card show stamford,Exact,Enabled
Show - Northeast Card Expo Stamford Sep 2026,Northeast Card Expo - Stamford Card Show,baseball card show stamford,Phrase,Enabled
Show - Northeast Card Expo Stamford Sep 2026,Northeast Card Expo - Stamford Card Show,football card show stamford,Exact,Enabled
Show - Northeast Card Expo Stamford Sep 2026,Northeast Card Expo - Stamford Card Show,football card show stamford,Phrase,Enabled
Show - Northeast Card Expo Stamford Sep 2026,Northeast Card Expo - Venue,chelsea piers ct card show,Exact,Enabled
Show - Northeast Card Expo Stamford Sep 2026,Northeast Card Expo - Venue,chelsea piers ct card show,Phrase,Enabled
Show - Northeast Card Expo Stamford Sep 2026,Northeast Card Expo - Venue,chelsea piers ct september 2026,Exact,Enabled
Show - Northeast Card Expo Stamford Sep 2026,Northeast Card Expo - Venue,chelsea piers ct september 2026,Phrase,Enabled
Show - Northeast Card Expo Stamford Sep 2026,Northeast Card Expo - Venue,chelsea piers ct events september,Exact,Enabled
Show - Northeast Card Expo Stamford Sep 2026,Northeast Card Expo - Venue,chelsea piers ct events september,Phrase,Enabled
Show - Northeast Card Expo Stamford Sep 2026,Northeast Card Expo - Venue,what is at chelsea piers ct this weekend,Exact,Enabled
Show - Northeast Card Expo Stamford Sep 2026,Northeast Card Expo - Venue,what is at chelsea piers ct this weekend,Phrase,Enabled
Show - Pokemon Regionals Baltimore Sep 2026,Pokemon Regionals - Show Name,pokemon regional championship - baltimore,Exact,Enabled
Show - Pokemon Regionals Baltimore Sep 2026,Pokemon Regionals - Show Name,pokemon regional championship - baltimore,Phrase,Enabled
Show - Pokemon Regionals Baltimore Sep 2026,Pokemon Regionals - Show Name,pokemon regionals,Exact,Enabled
Show - Pokemon Regionals Baltimore Sep 2026,Pokemon Regionals - Show Name,pokemon regionals,Phrase,Enabled
Show - Pokemon Regionals Baltimore Sep 2026,Pokemon Regionals - Show Name,pokemon regionals 2026,Exact,Enabled
Show - Pokemon Regionals Baltimore Sep 2026,Pokemon Regionals - Show Name,pokemon regionals 2026,Phrase,Enabled
Show - Pokemon Regionals Baltimore Sep 2026,Pokemon Regionals - Show Name,pokemon regionals baltimore,Exact,Enabled
Show - Pokemon Regionals Baltimore Sep 2026,Pokemon Regionals - Show Name,pokemon regionals baltimore,Phrase,Enabled
Show - Pokemon Regionals Baltimore Sep 2026,Pokemon Regionals - Show Name,pokemon regionals card show,Exact,Enabled
Show - Pokemon Regionals Baltimore Sep 2026,Pokemon Regionals - Show Name,pokemon regionals card show,Phrase,Enabled
Show - Pokemon Regionals Baltimore Sep 2026,Pokemon Regionals - Show Name,pokemon regionals tickets,Exact,Enabled
Show - Pokemon Regionals Baltimore Sep 2026,Pokemon Regionals - Show Name,pokemon regionals tickets,Phrase,Enabled
Show - Pokemon Regionals Baltimore Sep 2026,Pokemon Regionals - Show Name,pokemon regionals dates,Exact,Enabled
Show - Pokemon Regionals Baltimore Sep 2026,Pokemon Regionals - Show Name,pokemon regionals dates,Phrase,Enabled
Show - Pokemon Regionals Baltimore Sep 2026,Pokemon Regionals - Show Name,pokemon regionals schedule,Exact,Enabled
Show - Pokemon Regionals Baltimore Sep 2026,Pokemon Regionals - Show Name,pokemon regionals schedule,Phrase,Enabled
Show - Pokemon Regionals Baltimore Sep 2026,Pokemon Regionals - Show Name,pokemon regionals hours,Exact,Enabled
Show - Pokemon Regionals Baltimore Sep 2026,Pokemon Regionals - Show Name,pokemon regionals hours,Phrase,Enabled
Show - Pokemon Regionals Baltimore Sep 2026,Pokemon Regionals - Show Name,pokemon regionals vendors,Exact,Enabled
Show - Pokemon Regionals Baltimore Sep 2026,Pokemon Regionals - Show Name,pokemon regionals vendors,Phrase,Enabled
Show - Pokemon Regionals Baltimore Sep 2026,Pokemon Regionals - Show Name,pokemon regionals september,Exact,Enabled
Show - Pokemon Regionals Baltimore Sep 2026,Pokemon Regionals - Show Name,pokemon regionals september,Phrase,Enabled
Show - Pokemon Regionals Baltimore Sep 2026,Pokemon Regionals - Baltimore Card Show,card show baltimore,Exact,Enabled
Show - Pokemon Regionals Baltimore Sep 2026,Pokemon Regionals - Baltimore Card Show,card show baltimore,Phrase,Enabled
Show - Pokemon Regionals Baltimore Sep 2026,Pokemon Regionals - Baltimore Card Show,baltimore card show,Exact,Enabled
Show - Pokemon Regionals Baltimore Sep 2026,Pokemon Regionals - Baltimore Card Show,baltimore card show,Phrase,Enabled
Show - Pokemon Regionals Baltimore Sep 2026,Pokemon Regionals - Baltimore Card Show,baltimore card show september,Exact,Enabled
Show - Pokemon Regionals Baltimore Sep 2026,Pokemon Regionals - Baltimore Card Show,baltimore card show september,Phrase,Enabled
Show - Pokemon Regionals Baltimore Sep 2026,Pokemon Regionals - Baltimore Card Show,card show baltimore this weekend,Exact,Enabled
Show - Pokemon Regionals Baltimore Sep 2026,Pokemon Regionals - Baltimore Card Show,card show baltimore this weekend,Phrase,Enabled
Show - Pokemon Regionals Baltimore Sep 2026,Pokemon Regionals - Baltimore Card Show,card show near baltimore,Exact,Enabled
Show - Pokemon Regionals Baltimore Sep 2026,Pokemon Regionals - Baltimore Card Show,card show near baltimore,Phrase,Enabled
Show - Pokemon Regionals Baltimore Sep 2026,Pokemon Regionals - Baltimore Card Show,trading card show baltimore,Exact,Enabled
Show - Pokemon Regionals Baltimore Sep 2026,Pokemon Regionals - Baltimore Card Show,trading card show baltimore,Phrase,Enabled
Show - Pokemon Regionals Baltimore Sep 2026,Pokemon Regionals - Baltimore Card Show,baltimore card convention,Exact,Enabled
Show - Pokemon Regionals Baltimore Sep 2026,Pokemon Regionals - Baltimore Card Show,baltimore card convention,Phrase,Enabled
Show - Pokemon Regionals Baltimore Sep 2026,Pokemon Regionals - Baltimore Card Show,card shows in maryland,Exact,Enabled
Show - Pokemon Regionals Baltimore Sep 2026,Pokemon Regionals - Baltimore Card Show,card shows in maryland,Phrase,Enabled
Show - Pokemon Regionals Baltimore Sep 2026,Pokemon Regionals - Baltimore Card Show,maryland card show 2026,Exact,Enabled
Show - Pokemon Regionals Baltimore Sep 2026,Pokemon Regionals - Baltimore Card Show,maryland card show 2026,Phrase,Enabled
Show - Pokemon Regionals Baltimore Sep 2026,Pokemon Regionals - Baltimore Card Show,baltimore pokemon card show,Exact,Enabled
Show - Pokemon Regionals Baltimore Sep 2026,Pokemon Regionals - Baltimore Card Show,baltimore pokemon card show,Phrase,Enabled
Show - Pokemon Regionals Baltimore Sep 2026,Pokemon Regionals - Baltimore Card Show,pokemon card show baltimore,Exact,Enabled
Show - Pokemon Regionals Baltimore Sep 2026,Pokemon Regionals - Baltimore Card Show,pokemon card show baltimore,Phrase,Enabled
Show - Pokemon Regionals Baltimore Sep 2026,Pokemon Regionals - Baltimore Card Show,baltimore tcg show,Exact,Enabled
Show - Pokemon Regionals Baltimore Sep 2026,Pokemon Regionals - Baltimore Card Show,baltimore tcg show,Phrase,Enabled
Show - Pokemon Regionals Baltimore Sep 2026,Pokemon Regionals - Baltimore Card Show,pokemon event baltimore,Exact,Enabled
Show - Pokemon Regionals Baltimore Sep 2026,Pokemon Regionals - Baltimore Card Show,pokemon event baltimore,Phrase,Enabled
Show - Pokemon Regionals Baltimore Sep 2026,Pokemon Regionals - Baltimore Card Show,pokemon regional baltimore,Exact,Enabled
Show - Pokemon Regionals Baltimore Sep 2026,Pokemon Regionals - Baltimore Card Show,pokemon regional baltimore,Phrase,Enabled
Show - Pokemon Regionals Baltimore Sep 2026,Pokemon Regionals - Baltimore Card Show,pokemon championship baltimore,Exact,Enabled
Show - Pokemon Regionals Baltimore Sep 2026,Pokemon Regionals - Baltimore Card Show,pokemon championship baltimore,Phrase,Enabled
Show - Pokemon Regionals Baltimore Sep 2026,Pokemon Regionals - Baltimore Card Show,pokemon tournament baltimore 2026,Exact,Enabled
Show - Pokemon Regionals Baltimore Sep 2026,Pokemon Regionals - Baltimore Card Show,pokemon tournament baltimore 2026,Phrase,Enabled
Show - Raleigh Card Show Sep 2026,Raleigh Card Show - Show Name,raleigh fall sports cards pokemon & toy show,Exact,Enabled
Show - Raleigh Card Show Sep 2026,Raleigh Card Show - Show Name,raleigh fall sports cards pokemon & toy show,Phrase,Enabled
Show - Raleigh Card Show Sep 2026,Raleigh Card Show - Show Name,raleigh card show,Exact,Enabled
Show - Raleigh Card Show Sep 2026,Raleigh Card Show - Show Name,raleigh card show,Phrase,Enabled
Show - Raleigh Card Show Sep 2026,Raleigh Card Show - Show Name,raleigh card show 2026,Exact,Enabled
Show - Raleigh Card Show Sep 2026,Raleigh Card Show - Show Name,raleigh card show 2026,Phrase,Enabled
Show - Raleigh Card Show Sep 2026,Raleigh Card Show - Show Name,raleigh card show raleigh,Exact,Enabled
Show - Raleigh Card Show Sep 2026,Raleigh Card Show - Show Name,raleigh card show raleigh,Phrase,Enabled
Show - Raleigh Card Show Sep 2026,Raleigh Card Show - Show Name,raleigh card show card show,Exact,Enabled
Show - Raleigh Card Show Sep 2026,Raleigh Card Show - Show Name,raleigh card show card show,Phrase,Enabled
Show - Raleigh Card Show Sep 2026,Raleigh Card Show - Show Name,raleigh card show tickets,Exact,Enabled
Show - Raleigh Card Show Sep 2026,Raleigh Card Show - Show Name,raleigh card show tickets,Phrase,Enabled
Show - Raleigh Card Show Sep 2026,Raleigh Card Show - Show Name,raleigh card show dates,Exact,Enabled
Show - Raleigh Card Show Sep 2026,Raleigh Card Show - Show Name,raleigh card show dates,Phrase,Enabled
Show - Raleigh Card Show Sep 2026,Raleigh Card Show - Show Name,raleigh card show schedule,Exact,Enabled
Show - Raleigh Card Show Sep 2026,Raleigh Card Show - Show Name,raleigh card show schedule,Phrase,Enabled
Show - Raleigh Card Show Sep 2026,Raleigh Card Show - Show Name,raleigh card show hours,Exact,Enabled
Show - Raleigh Card Show Sep 2026,Raleigh Card Show - Show Name,raleigh card show hours,Phrase,Enabled
Show - Raleigh Card Show Sep 2026,Raleigh Card Show - Show Name,raleigh card show vendors,Exact,Enabled
Show - Raleigh Card Show Sep 2026,Raleigh Card Show - Show Name,raleigh card show vendors,Phrase,Enabled
Show - Raleigh Card Show Sep 2026,Raleigh Card Show - Show Name,raleigh card show september,Exact,Enabled
Show - Raleigh Card Show Sep 2026,Raleigh Card Show - Show Name,raleigh card show september,Phrase,Enabled
Show - Raleigh Card Show Sep 2026,Raleigh Card Show - Raleigh Card Show,card show raleigh,Exact,Enabled
Show - Raleigh Card Show Sep 2026,Raleigh Card Show - Raleigh Card Show,card show raleigh,Phrase,Enabled
Show - Raleigh Card Show Sep 2026,Raleigh Card Show - Raleigh Card Show,raleigh card show,Exact,Enabled
Show - Raleigh Card Show Sep 2026,Raleigh Card Show - Raleigh Card Show,raleigh card show,Phrase,Enabled
Show - Raleigh Card Show Sep 2026,Raleigh Card Show - Raleigh Card Show,raleigh card show september,Exact,Enabled
Show - Raleigh Card Show Sep 2026,Raleigh Card Show - Raleigh Card Show,raleigh card show september,Phrase,Enabled
Show - Raleigh Card Show Sep 2026,Raleigh Card Show - Raleigh Card Show,card show raleigh this weekend,Exact,Enabled
Show - Raleigh Card Show Sep 2026,Raleigh Card Show - Raleigh Card Show,card show raleigh this weekend,Phrase,Enabled
Show - Raleigh Card Show Sep 2026,Raleigh Card Show - Raleigh Card Show,card show near raleigh,Exact,Enabled
Show - Raleigh Card Show Sep 2026,Raleigh Card Show - Raleigh Card Show,card show near raleigh,Phrase,Enabled
Show - Raleigh Card Show Sep 2026,Raleigh Card Show - Raleigh Card Show,trading card show raleigh,Exact,Enabled
Show - Raleigh Card Show Sep 2026,Raleigh Card Show - Raleigh Card Show,trading card show raleigh,Phrase,Enabled
Show - Raleigh Card Show Sep 2026,Raleigh Card Show - Raleigh Card Show,raleigh card convention,Exact,Enabled
Show - Raleigh Card Show Sep 2026,Raleigh Card Show - Raleigh Card Show,raleigh card convention,Phrase,Enabled
Show - Raleigh Card Show Sep 2026,Raleigh Card Show - Raleigh Card Show,card shows in north carolina,Exact,Enabled
Show - Raleigh Card Show Sep 2026,Raleigh Card Show - Raleigh Card Show,card shows in north carolina,Phrase,Enabled
Show - Raleigh Card Show Sep 2026,Raleigh Card Show - Raleigh Card Show,north carolina card show 2026,Exact,Enabled
Show - Raleigh Card Show Sep 2026,Raleigh Card Show - Raleigh Card Show,north carolina card show 2026,Phrase,Enabled
Show - Raleigh Card Show Sep 2026,Raleigh Card Show - Raleigh Card Show,raleigh sports card show,Exact,Enabled
Show - Raleigh Card Show Sep 2026,Raleigh Card Show - Raleigh Card Show,raleigh sports card show,Phrase,Enabled
Show - Raleigh Card Show Sep 2026,Raleigh Card Show - Raleigh Card Show,sports card show raleigh,Exact,Enabled
Show - Raleigh Card Show Sep 2026,Raleigh Card Show - Raleigh Card Show,sports card show raleigh,Phrase,Enabled
Show - Raleigh Card Show Sep 2026,Raleigh Card Show - Raleigh Card Show,baseball card show raleigh,Exact,Enabled
Show - Raleigh Card Show Sep 2026,Raleigh Card Show - Raleigh Card Show,baseball card show raleigh,Phrase,Enabled
Show - Raleigh Card Show Sep 2026,Raleigh Card Show - Raleigh Card Show,football card show raleigh,Exact,Enabled
Show - Raleigh Card Show Sep 2026,Raleigh Card Show - Raleigh Card Show,football card show raleigh,Phrase,Enabled
Show - Raleigh Card Show Sep 2026,Raleigh Card Show - Raleigh Card Show,raleigh pokemon card show,Exact,Enabled
Show - Raleigh Card Show Sep 2026,Raleigh Card Show - Raleigh Card Show,raleigh pokemon card show,Phrase,Enabled
Show - Raleigh Card Show Sep 2026,Raleigh Card Show - Raleigh Card Show,pokemon card show raleigh,Exact,Enabled
Show - Raleigh Card Show Sep 2026,Raleigh Card Show - Raleigh Card Show,pokemon card show raleigh,Phrase,Enabled
Show - Raleigh Card Show Sep 2026,Raleigh Card Show - Raleigh Card Show,raleigh tcg show,Exact,Enabled
Show - Raleigh Card Show Sep 2026,Raleigh Card Show - Raleigh Card Show,raleigh tcg show,Phrase,Enabled
Show - Raleigh Card Show Sep 2026,Raleigh Card Show - Raleigh Card Show,pokemon event raleigh,Exact,Enabled
Show - Raleigh Card Show Sep 2026,Raleigh Card Show - Raleigh Card Show,pokemon event raleigh,Phrase,Enabled
Show - Raleigh Card Show Sep 2026,Raleigh Card Show - Raleigh Card Show,pokemon regional raleigh,Exact,Enabled
Show - Raleigh Card Show Sep 2026,Raleigh Card Show - Raleigh Card Show,pokemon regional raleigh,Phrase,Enabled
Show - Raleigh Card Show Sep 2026,Raleigh Card Show - Raleigh Card Show,pokemon championship raleigh,Exact,Enabled
Show - Raleigh Card Show Sep 2026,Raleigh Card Show - Raleigh Card Show,pokemon championship raleigh,Phrase,Enabled
Show - Raleigh Card Show Sep 2026,Raleigh Card Show - Raleigh Card Show,pokemon tournament raleigh 2026,Exact,Enabled
Show - Raleigh Card Show Sep 2026,Raleigh Card Show - Raleigh Card Show,pokemon tournament raleigh 2026,Phrase,Enabled
Show - Poke Fest Nashville Sep 2026,Poke Fest - Show Name,nashville poke fest,Exact,Enabled
Show - Poke Fest Nashville Sep 2026,Poke Fest - Show Name,nashville poke fest,Phrase,Enabled
Show - Poke Fest Nashville Sep 2026,Poke Fest - Show Name,poke fest,Exact,Enabled
Show - Poke Fest Nashville Sep 2026,Poke Fest - Show Name,poke fest,Phrase,Enabled
Show - Poke Fest Nashville Sep 2026,Poke Fest - Show Name,poke fest 2026,Exact,Enabled
Show - Poke Fest Nashville Sep 2026,Poke Fest - Show Name,poke fest 2026,Phrase,Enabled
Show - Poke Fest Nashville Sep 2026,Poke Fest - Show Name,poke fest nashville,Exact,Enabled
Show - Poke Fest Nashville Sep 2026,Poke Fest - Show Name,poke fest nashville,Phrase,Enabled
Show - Poke Fest Nashville Sep 2026,Poke Fest - Show Name,poke fest card show,Exact,Enabled
Show - Poke Fest Nashville Sep 2026,Poke Fest - Show Name,poke fest card show,Phrase,Enabled
Show - Poke Fest Nashville Sep 2026,Poke Fest - Show Name,poke fest tickets,Exact,Enabled
Show - Poke Fest Nashville Sep 2026,Poke Fest - Show Name,poke fest tickets,Phrase,Enabled
Show - Poke Fest Nashville Sep 2026,Poke Fest - Show Name,poke fest dates,Exact,Enabled
Show - Poke Fest Nashville Sep 2026,Poke Fest - Show Name,poke fest dates,Phrase,Enabled
Show - Poke Fest Nashville Sep 2026,Poke Fest - Show Name,poke fest schedule,Exact,Enabled
Show - Poke Fest Nashville Sep 2026,Poke Fest - Show Name,poke fest schedule,Phrase,Enabled
Show - Poke Fest Nashville Sep 2026,Poke Fest - Show Name,poke fest hours,Exact,Enabled
Show - Poke Fest Nashville Sep 2026,Poke Fest - Show Name,poke fest hours,Phrase,Enabled
Show - Poke Fest Nashville Sep 2026,Poke Fest - Show Name,poke fest vendors,Exact,Enabled
Show - Poke Fest Nashville Sep 2026,Poke Fest - Show Name,poke fest vendors,Phrase,Enabled
Show - Poke Fest Nashville Sep 2026,Poke Fest - Show Name,poke fest september,Exact,Enabled
Show - Poke Fest Nashville Sep 2026,Poke Fest - Show Name,poke fest september,Phrase,Enabled
Show - Poke Fest Nashville Sep 2026,Poke Fest - Nashville Card Show,card show nashville,Exact,Enabled
Show - Poke Fest Nashville Sep 2026,Poke Fest - Nashville Card Show,card show nashville,Phrase,Enabled
Show - Poke Fest Nashville Sep 2026,Poke Fest - Nashville Card Show,nashville card show,Exact,Enabled
Show - Poke Fest Nashville Sep 2026,Poke Fest - Nashville Card Show,nashville card show,Phrase,Enabled
Show - Poke Fest Nashville Sep 2026,Poke Fest - Nashville Card Show,nashville card show september,Exact,Enabled
Show - Poke Fest Nashville Sep 2026,Poke Fest - Nashville Card Show,nashville card show september,Phrase,Enabled
Show - Poke Fest Nashville Sep 2026,Poke Fest - Nashville Card Show,card show nashville this weekend,Exact,Enabled
Show - Poke Fest Nashville Sep 2026,Poke Fest - Nashville Card Show,card show nashville this weekend,Phrase,Enabled
Show - Poke Fest Nashville Sep 2026,Poke Fest - Nashville Card Show,card show near nashville,Exact,Enabled
Show - Poke Fest Nashville Sep 2026,Poke Fest - Nashville Card Show,card show near nashville,Phrase,Enabled
Show - Poke Fest Nashville Sep 2026,Poke Fest - Nashville Card Show,trading card show nashville,Exact,Enabled
Show - Poke Fest Nashville Sep 2026,Poke Fest - Nashville Card Show,trading card show nashville,Phrase,Enabled
Show - Poke Fest Nashville Sep 2026,Poke Fest - Nashville Card Show,nashville card convention,Exact,Enabled
Show - Poke Fest Nashville Sep 2026,Poke Fest - Nashville Card Show,nashville card convention,Phrase,Enabled
Show - Poke Fest Nashville Sep 2026,Poke Fest - Nashville Card Show,card shows in tennessee,Exact,Enabled
Show - Poke Fest Nashville Sep 2026,Poke Fest - Nashville Card Show,card shows in tennessee,Phrase,Enabled
Show - Poke Fest Nashville Sep 2026,Poke Fest - Nashville Card Show,tennessee card show 2026,Exact,Enabled
Show - Poke Fest Nashville Sep 2026,Poke Fest - Nashville Card Show,tennessee card show 2026,Phrase,Enabled
Show - Poke Fest Nashville Sep 2026,Poke Fest - Nashville Card Show,nashville pokemon card show,Exact,Enabled
Show - Poke Fest Nashville Sep 2026,Poke Fest - Nashville Card Show,nashville pokemon card show,Phrase,Enabled
Show - Poke Fest Nashville Sep 2026,Poke Fest - Nashville Card Show,pokemon card show nashville,Exact,Enabled
Show - Poke Fest Nashville Sep 2026,Poke Fest - Nashville Card Show,pokemon card show nashville,Phrase,Enabled
Show - Poke Fest Nashville Sep 2026,Poke Fest - Nashville Card Show,nashville tcg show,Exact,Enabled
Show - Poke Fest Nashville Sep 2026,Poke Fest - Nashville Card Show,nashville tcg show,Phrase,Enabled
Show - Poke Fest Nashville Sep 2026,Poke Fest - Nashville Card Show,pokemon event nashville,Exact,Enabled
Show - Poke Fest Nashville Sep 2026,Poke Fest - Nashville Card Show,pokemon event nashville,Phrase,Enabled
Show - Poke Fest Nashville Sep 2026,Poke Fest - Venue,the fairgrounds nashville - expo 3 card show,Exact,Enabled
Show - Poke Fest Nashville Sep 2026,Poke Fest - Venue,the fairgrounds nashville - expo 3 card show,Phrase,Enabled
Show - Poke Fest Nashville Sep 2026,Poke Fest - Venue,the fairgrounds nashville - expo 3 september 2026,Exact,Enabled
Show - Poke Fest Nashville Sep 2026,Poke Fest - Venue,the fairgrounds nashville - expo 3 september 2026,Phrase,Enabled
Show - Poke Fest Nashville Sep 2026,Poke Fest - Venue,the fairgrounds nashville - expo 3 events september,Exact,Enabled
Show - Poke Fest Nashville Sep 2026,Poke Fest - Venue,the fairgrounds nashville - expo 3 events september,Phrase,Enabled
Show - Poke Fest Nashville Sep 2026,Poke Fest - Venue,what is at the fairgrounds nashville - expo 3 this weekend,Exact,Enabled
Show - Poke Fest Nashville Sep 2026,Poke Fest - Venue,what is at the fairgrounds nashville - expo 3 this weekend,Phrase,Enabled
Show - Philly Show Philadelphia Sep 2026,Philly Show - Show Name,the philly show,Exact,Enabled
Show - Philly Show Philadelphia Sep 2026,Philly Show - Show Name,the philly show,Phrase,Enabled
Show - Philly Show Philadelphia Sep 2026,Philly Show - Show Name,philly show,Exact,Enabled
Show - Philly Show Philadelphia Sep 2026,Philly Show - Show Name,philly show,Phrase,Enabled
Show - Philly Show Philadelphia Sep 2026,Philly Show - Show Name,philly show 2026,Exact,Enabled
Show - Philly Show Philadelphia Sep 2026,Philly Show - Show Name,philly show 2026,Phrase,Enabled
Show - Philly Show Philadelphia Sep 2026,Philly Show - Show Name,philly show philadelphia,Exact,Enabled
Show - Philly Show Philadelphia Sep 2026,Philly Show - Show Name,philly show philadelphia,Phrase,Enabled
Show - Philly Show Philadelphia Sep 2026,Philly Show - Show Name,philly show card show,Exact,Enabled
Show - Philly Show Philadelphia Sep 2026,Philly Show - Show Name,philly show card show,Phrase,Enabled
Show - Philly Show Philadelphia Sep 2026,Philly Show - Show Name,philly show tickets,Exact,Enabled
Show - Philly Show Philadelphia Sep 2026,Philly Show - Show Name,philly show tickets,Phrase,Enabled
Show - Philly Show Philadelphia Sep 2026,Philly Show - Show Name,philly show dates,Exact,Enabled
Show - Philly Show Philadelphia Sep 2026,Philly Show - Show Name,philly show dates,Phrase,Enabled
Show - Philly Show Philadelphia Sep 2026,Philly Show - Show Name,philly show schedule,Exact,Enabled
Show - Philly Show Philadelphia Sep 2026,Philly Show - Show Name,philly show schedule,Phrase,Enabled
Show - Philly Show Philadelphia Sep 2026,Philly Show - Show Name,philly show hours,Exact,Enabled
Show - Philly Show Philadelphia Sep 2026,Philly Show - Show Name,philly show hours,Phrase,Enabled
Show - Philly Show Philadelphia Sep 2026,Philly Show - Show Name,philly show vendors,Exact,Enabled
Show - Philly Show Philadelphia Sep 2026,Philly Show - Show Name,philly show vendors,Phrase,Enabled
Show - Philly Show Philadelphia Sep 2026,Philly Show - Show Name,philly show september,Exact,Enabled
Show - Philly Show Philadelphia Sep 2026,Philly Show - Show Name,philly show september,Phrase,Enabled
Show - Philly Show Philadelphia Sep 2026,Philly Show - Philadelphia Card Show,card show philadelphia,Exact,Enabled
Show - Philly Show Philadelphia Sep 2026,Philly Show - Philadelphia Card Show,card show philadelphia,Phrase,Enabled
Show - Philly Show Philadelphia Sep 2026,Philly Show - Philadelphia Card Show,philadelphia card show,Exact,Enabled
Show - Philly Show Philadelphia Sep 2026,Philly Show - Philadelphia Card Show,philadelphia card show,Phrase,Enabled
Show - Philly Show Philadelphia Sep 2026,Philly Show - Philadelphia Card Show,philadelphia card show september,Exact,Enabled
Show - Philly Show Philadelphia Sep 2026,Philly Show - Philadelphia Card Show,philadelphia card show september,Phrase,Enabled
Show - Philly Show Philadelphia Sep 2026,Philly Show - Philadelphia Card Show,card show philadelphia this weekend,Exact,Enabled
Show - Philly Show Philadelphia Sep 2026,Philly Show - Philadelphia Card Show,card show philadelphia this weekend,Phrase,Enabled
Show - Philly Show Philadelphia Sep 2026,Philly Show - Philadelphia Card Show,card show near philadelphia,Exact,Enabled
Show - Philly Show Philadelphia Sep 2026,Philly Show - Philadelphia Card Show,card show near philadelphia,Phrase,Enabled
Show - Philly Show Philadelphia Sep 2026,Philly Show - Philadelphia Card Show,trading card show philadelphia,Exact,Enabled
Show - Philly Show Philadelphia Sep 2026,Philly Show - Philadelphia Card Show,trading card show philadelphia,Phrase,Enabled
Show - Philly Show Philadelphia Sep 2026,Philly Show - Philadelphia Card Show,philadelphia card convention,Exact,Enabled
Show - Philly Show Philadelphia Sep 2026,Philly Show - Philadelphia Card Show,philadelphia card convention,Phrase,Enabled
Show - Philly Show Philadelphia Sep 2026,Philly Show - Philadelphia Card Show,card shows in pennsylvania,Exact,Enabled
Show - Philly Show Philadelphia Sep 2026,Philly Show - Philadelphia Card Show,card shows in pennsylvania,Phrase,Enabled
Show - Philly Show Philadelphia Sep 2026,Philly Show - Philadelphia Card Show,pennsylvania card show 2026,Exact,Enabled
Show - Philly Show Philadelphia Sep 2026,Philly Show - Philadelphia Card Show,pennsylvania card show 2026,Phrase,Enabled
Show - Philly Show Philadelphia Sep 2026,Philly Show - Philadelphia Card Show,philadelphia sports card show,Exact,Enabled
Show - Philly Show Philadelphia Sep 2026,Philly Show - Philadelphia Card Show,philadelphia sports card show,Phrase,Enabled
Show - Philly Show Philadelphia Sep 2026,Philly Show - Philadelphia Card Show,sports card show philadelphia,Exact,Enabled
Show - Philly Show Philadelphia Sep 2026,Philly Show - Philadelphia Card Show,sports card show philadelphia,Phrase,Enabled
Show - Philly Show Philadelphia Sep 2026,Philly Show - Philadelphia Card Show,baseball card show philadelphia,Exact,Enabled
Show - Philly Show Philadelphia Sep 2026,Philly Show - Philadelphia Card Show,baseball card show philadelphia,Phrase,Enabled
Show - Philly Show Philadelphia Sep 2026,Philly Show - Philadelphia Card Show,football card show philadelphia,Exact,Enabled
Show - Philly Show Philadelphia Sep 2026,Philly Show - Philadelphia Card Show,football card show philadelphia,Phrase,Enabled
Show - Philly Show Philadelphia Sep 2026,Philly Show - Venue,greater philadelphia expo center card show,Exact,Enabled
Show - Philly Show Philadelphia Sep 2026,Philly Show - Venue,greater philadelphia expo center card show,Phrase,Enabled
Show - Philly Show Philadelphia Sep 2026,Philly Show - Venue,greater philadelphia expo center september 2026,Exact,Enabled
Show - Philly Show Philadelphia Sep 2026,Philly Show - Venue,greater philadelphia expo center september 2026,Phrase,Enabled
Show - Philly Show Philadelphia Sep 2026,Philly Show - Venue,greater philadelphia expo center events september,Exact,Enabled
Show - Philly Show Philadelphia Sep 2026,Philly Show - Venue,greater philadelphia expo center events september,Phrase,Enabled
Show - Philly Show Philadelphia Sep 2026,Philly Show - Venue,what is at greater philadelphia expo center this weekend,Exact,Enabled
Show - Philly Show Philadelphia Sep 2026,Philly Show - Venue,what is at greater philadelphia expo center this weekend,Phrase,Enabled
Show - Collect-A-Con ATL Atlanta Sep 2026,Collect-A-Con ATL - Show Name,collect-a-con atlanta,Exact,Enabled
Show - Collect-A-Con ATL Atlanta Sep 2026,Collect-A-Con ATL - Show Name,collect-a-con atlanta,Phrase,Enabled
Show - Collect-A-Con ATL Atlanta Sep 2026,Collect-A-Con ATL - Show Name,collect-a-con atl,Exact,Enabled
Show - Collect-A-Con ATL Atlanta Sep 2026,Collect-A-Con ATL - Show Name,collect-a-con atl,Phrase,Enabled
Show - Collect-A-Con ATL Atlanta Sep 2026,Collect-A-Con ATL - Show Name,collect-a-con atl 2026,Exact,Enabled
Show - Collect-A-Con ATL Atlanta Sep 2026,Collect-A-Con ATL - Show Name,collect-a-con atl 2026,Phrase,Enabled
Show - Collect-A-Con ATL Atlanta Sep 2026,Collect-A-Con ATL - Show Name,collect-a-con atl atlanta,Exact,Enabled
Show - Collect-A-Con ATL Atlanta Sep 2026,Collect-A-Con ATL - Show Name,collect-a-con atl atlanta,Phrase,Enabled
Show - Collect-A-Con ATL Atlanta Sep 2026,Collect-A-Con ATL - Show Name,collect-a-con atl card show,Exact,Enabled
Show - Collect-A-Con ATL Atlanta Sep 2026,Collect-A-Con ATL - Show Name,collect-a-con atl card show,Phrase,Enabled
Show - Collect-A-Con ATL Atlanta Sep 2026,Collect-A-Con ATL - Show Name,collect-a-con atl tickets,Exact,Enabled
Show - Collect-A-Con ATL Atlanta Sep 2026,Collect-A-Con ATL - Show Name,collect-a-con atl tickets,Phrase,Enabled
Show - Collect-A-Con ATL Atlanta Sep 2026,Collect-A-Con ATL - Show Name,collect-a-con atl dates,Exact,Enabled
Show - Collect-A-Con ATL Atlanta Sep 2026,Collect-A-Con ATL - Show Name,collect-a-con atl dates,Phrase,Enabled
Show - Collect-A-Con ATL Atlanta Sep 2026,Collect-A-Con ATL - Show Name,collect-a-con atl schedule,Exact,Enabled
Show - Collect-A-Con ATL Atlanta Sep 2026,Collect-A-Con ATL - Show Name,collect-a-con atl schedule,Phrase,Enabled
Show - Collect-A-Con ATL Atlanta Sep 2026,Collect-A-Con ATL - Show Name,collect-a-con atl hours,Exact,Enabled
Show - Collect-A-Con ATL Atlanta Sep 2026,Collect-A-Con ATL - Show Name,collect-a-con atl hours,Phrase,Enabled
Show - Collect-A-Con ATL Atlanta Sep 2026,Collect-A-Con ATL - Show Name,collect-a-con atl vendors,Exact,Enabled
Show - Collect-A-Con ATL Atlanta Sep 2026,Collect-A-Con ATL - Show Name,collect-a-con atl vendors,Phrase,Enabled
Show - Collect-A-Con ATL Atlanta Sep 2026,Collect-A-Con ATL - Show Name,collect-a-con atl september,Exact,Enabled
Show - Collect-A-Con ATL Atlanta Sep 2026,Collect-A-Con ATL - Show Name,collect-a-con atl september,Phrase,Enabled
Show - Collect-A-Con ATL Atlanta Sep 2026,Collect-A-Con ATL - Atlanta Card Show,card show atlanta,Exact,Enabled
Show - Collect-A-Con ATL Atlanta Sep 2026,Collect-A-Con ATL - Atlanta Card Show,card show atlanta,Phrase,Enabled
Show - Collect-A-Con ATL Atlanta Sep 2026,Collect-A-Con ATL - Atlanta Card Show,atlanta card show,Exact,Enabled
Show - Collect-A-Con ATL Atlanta Sep 2026,Collect-A-Con ATL - Atlanta Card Show,atlanta card show,Phrase,Enabled
Show - Collect-A-Con ATL Atlanta Sep 2026,Collect-A-Con ATL - Atlanta Card Show,atlanta card show september,Exact,Enabled
Show - Collect-A-Con ATL Atlanta Sep 2026,Collect-A-Con ATL - Atlanta Card Show,atlanta card show september,Phrase,Enabled
Show - Collect-A-Con ATL Atlanta Sep 2026,Collect-A-Con ATL - Atlanta Card Show,card show atlanta this weekend,Exact,Enabled
Show - Collect-A-Con ATL Atlanta Sep 2026,Collect-A-Con ATL - Atlanta Card Show,card show atlanta this weekend,Phrase,Enabled
Show - Collect-A-Con ATL Atlanta Sep 2026,Collect-A-Con ATL - Atlanta Card Show,card show near atlanta,Exact,Enabled
Show - Collect-A-Con ATL Atlanta Sep 2026,Collect-A-Con ATL - Atlanta Card Show,card show near atlanta,Phrase,Enabled
Show - Collect-A-Con ATL Atlanta Sep 2026,Collect-A-Con ATL - Atlanta Card Show,trading card show atlanta,Exact,Enabled
Show - Collect-A-Con ATL Atlanta Sep 2026,Collect-A-Con ATL - Atlanta Card Show,trading card show atlanta,Phrase,Enabled
Show - Collect-A-Con ATL Atlanta Sep 2026,Collect-A-Con ATL - Atlanta Card Show,atlanta card convention,Exact,Enabled
Show - Collect-A-Con ATL Atlanta Sep 2026,Collect-A-Con ATL - Atlanta Card Show,atlanta card convention,Phrase,Enabled
Show - Collect-A-Con ATL Atlanta Sep 2026,Collect-A-Con ATL - Atlanta Card Show,card shows in georgia,Exact,Enabled
Show - Collect-A-Con ATL Atlanta Sep 2026,Collect-A-Con ATL - Atlanta Card Show,card shows in georgia,Phrase,Enabled
Show - Collect-A-Con ATL Atlanta Sep 2026,Collect-A-Con ATL - Atlanta Card Show,georgia card show 2026,Exact,Enabled
Show - Collect-A-Con ATL Atlanta Sep 2026,Collect-A-Con ATL - Atlanta Card Show,georgia card show 2026,Phrase,Enabled
Show - Collect-A-Con ATL Atlanta Sep 2026,Collect-A-Con ATL - Atlanta Card Show,atlanta pokemon card show,Exact,Enabled
Show - Collect-A-Con ATL Atlanta Sep 2026,Collect-A-Con ATL - Atlanta Card Show,atlanta pokemon card show,Phrase,Enabled
Show - Collect-A-Con ATL Atlanta Sep 2026,Collect-A-Con ATL - Atlanta Card Show,pokemon card show atlanta,Exact,Enabled
Show - Collect-A-Con ATL Atlanta Sep 2026,Collect-A-Con ATL - Atlanta Card Show,pokemon card show atlanta,Phrase,Enabled
Show - Collect-A-Con ATL Atlanta Sep 2026,Collect-A-Con ATL - Atlanta Card Show,atlanta tcg show,Exact,Enabled
Show - Collect-A-Con ATL Atlanta Sep 2026,Collect-A-Con ATL - Atlanta Card Show,atlanta tcg show,Phrase,Enabled
Show - Collect-A-Con ATL Atlanta Sep 2026,Collect-A-Con ATL - Atlanta Card Show,pokemon event atlanta,Exact,Enabled
Show - Collect-A-Con ATL Atlanta Sep 2026,Collect-A-Con ATL - Atlanta Card Show,pokemon event atlanta,Phrase,Enabled
Show - Collect-A-Con ATL Atlanta Sep 2026,Collect-A-Con ATL - Venue,georgia world congress center card show,Exact,Enabled
Show - Collect-A-Con ATL Atlanta Sep 2026,Collect-A-Con ATL - Venue,georgia world congress center card show,Phrase,Enabled
Show - Collect-A-Con ATL Atlanta Sep 2026,Collect-A-Con ATL - Venue,georgia world congress center september 2026,Exact,Enabled
Show - Collect-A-Con ATL Atlanta Sep 2026,Collect-A-Con ATL - Venue,georgia world congress center september 2026,Phrase,Enabled
Show - Collect-A-Con ATL Atlanta Sep 2026,Collect-A-Con ATL - Venue,georgia world congress center events september,Exact,Enabled
Show - Collect-A-Con ATL Atlanta Sep 2026,Collect-A-Con ATL - Venue,georgia world congress center events september,Phrase,Enabled
Show - Collect-A-Con ATL Atlanta Sep 2026,Collect-A-Con ATL - Venue,what is at georgia world congress center this weekend,Exact,Enabled
Show - Collect-A-Con ATL Atlanta Sep 2026,Collect-A-Con ATL - Venue,what is at georgia world congress center this weekend,Phrase,Enabled
Show - Midwest Monster Indianapolis Oct 2026,Midwest Monster - Show Name,midwest monster card show,Exact,Enabled
Show - Midwest Monster Indianapolis Oct 2026,Midwest Monster - Show Name,midwest monster card show,Phrase,Enabled
Show - Midwest Monster Indianapolis Oct 2026,Midwest Monster - Show Name,midwest monster,Exact,Enabled
Show - Midwest Monster Indianapolis Oct 2026,Midwest Monster - Show Name,midwest monster,Phrase,Enabled
Show - Midwest Monster Indianapolis Oct 2026,Midwest Monster - Show Name,midwest monster 2026,Exact,Enabled
Show - Midwest Monster Indianapolis Oct 2026,Midwest Monster - Show Name,midwest monster 2026,Phrase,Enabled
Show - Midwest Monster Indianapolis Oct 2026,Midwest Monster - Show Name,midwest monster indianapolis,Exact,Enabled
Show - Midwest Monster Indianapolis Oct 2026,Midwest Monster - Show Name,midwest monster indianapolis,Phrase,Enabled
Show - Midwest Monster Indianapolis Oct 2026,Midwest Monster - Show Name,midwest monster card show,Exact,Enabled
Show - Midwest Monster Indianapolis Oct 2026,Midwest Monster - Show Name,midwest monster card show,Phrase,Enabled
Show - Midwest Monster Indianapolis Oct 2026,Midwest Monster - Show Name,midwest monster tickets,Exact,Enabled
Show - Midwest Monster Indianapolis Oct 2026,Midwest Monster - Show Name,midwest monster tickets,Phrase,Enabled
Show - Midwest Monster Indianapolis Oct 2026,Midwest Monster - Show Name,midwest monster dates,Exact,Enabled
Show - Midwest Monster Indianapolis Oct 2026,Midwest Monster - Show Name,midwest monster dates,Phrase,Enabled
Show - Midwest Monster Indianapolis Oct 2026,Midwest Monster - Show Name,midwest monster schedule,Exact,Enabled
Show - Midwest Monster Indianapolis Oct 2026,Midwest Monster - Show Name,midwest monster schedule,Phrase,Enabled
Show - Midwest Monster Indianapolis Oct 2026,Midwest Monster - Show Name,midwest monster hours,Exact,Enabled
Show - Midwest Monster Indianapolis Oct 2026,Midwest Monster - Show Name,midwest monster hours,Phrase,Enabled
Show - Midwest Monster Indianapolis Oct 2026,Midwest Monster - Show Name,midwest monster vendors,Exact,Enabled
Show - Midwest Monster Indianapolis Oct 2026,Midwest Monster - Show Name,midwest monster vendors,Phrase,Enabled
Show - Midwest Monster Indianapolis Oct 2026,Midwest Monster - Show Name,midwest monster october,Exact,Enabled
Show - Midwest Monster Indianapolis Oct 2026,Midwest Monster - Show Name,midwest monster october,Phrase,Enabled
Show - Midwest Monster Indianapolis Oct 2026,Midwest Monster - Indianapolis Card Show,card show indianapolis,Exact,Enabled
Show - Midwest Monster Indianapolis Oct 2026,Midwest Monster - Indianapolis Card Show,card show indianapolis,Phrase,Enabled
Show - Midwest Monster Indianapolis Oct 2026,Midwest Monster - Indianapolis Card Show,indianapolis card show,Exact,Enabled
Show - Midwest Monster Indianapolis Oct 2026,Midwest Monster - Indianapolis Card Show,indianapolis card show,Phrase,Enabled
Show - Midwest Monster Indianapolis Oct 2026,Midwest Monster - Indianapolis Card Show,indianapolis card show october,Exact,Enabled
Show - Midwest Monster Indianapolis Oct 2026,Midwest Monster - Indianapolis Card Show,indianapolis card show october,Phrase,Enabled
Show - Midwest Monster Indianapolis Oct 2026,Midwest Monster - Indianapolis Card Show,card show indianapolis this weekend,Exact,Enabled
Show - Midwest Monster Indianapolis Oct 2026,Midwest Monster - Indianapolis Card Show,card show indianapolis this weekend,Phrase,Enabled
Show - Midwest Monster Indianapolis Oct 2026,Midwest Monster - Indianapolis Card Show,card show near indianapolis,Exact,Enabled
Show - Midwest Monster Indianapolis Oct 2026,Midwest Monster - Indianapolis Card Show,card show near indianapolis,Phrase,Enabled
Show - Midwest Monster Indianapolis Oct 2026,Midwest Monster - Indianapolis Card Show,trading card show indianapolis,Exact,Enabled
Show - Midwest Monster Indianapolis Oct 2026,Midwest Monster - Indianapolis Card Show,trading card show indianapolis,Phrase,Enabled
Show - Midwest Monster Indianapolis Oct 2026,Midwest Monster - Indianapolis Card Show,indianapolis card convention,Exact,Enabled
Show - Midwest Monster Indianapolis Oct 2026,Midwest Monster - Indianapolis Card Show,indianapolis card convention,Phrase,Enabled
Show - Midwest Monster Indianapolis Oct 2026,Midwest Monster - Indianapolis Card Show,card shows in indiana,Exact,Enabled
Show - Midwest Monster Indianapolis Oct 2026,Midwest Monster - Indianapolis Card Show,card shows in indiana,Phrase,Enabled
Show - Midwest Monster Indianapolis Oct 2026,Midwest Monster - Indianapolis Card Show,indiana card show 2026,Exact,Enabled
Show - Midwest Monster Indianapolis Oct 2026,Midwest Monster - Indianapolis Card Show,indiana card show 2026,Phrase,Enabled
Show - Midwest Monster Indianapolis Oct 2026,Midwest Monster - Indianapolis Card Show,indianapolis sports card show,Exact,Enabled
Show - Midwest Monster Indianapolis Oct 2026,Midwest Monster - Indianapolis Card Show,indianapolis sports card show,Phrase,Enabled
Show - Midwest Monster Indianapolis Oct 2026,Midwest Monster - Indianapolis Card Show,sports card show indianapolis,Exact,Enabled
Show - Midwest Monster Indianapolis Oct 2026,Midwest Monster - Indianapolis Card Show,sports card show indianapolis,Phrase,Enabled
Show - Midwest Monster Indianapolis Oct 2026,Midwest Monster - Indianapolis Card Show,baseball card show indianapolis,Exact,Enabled
Show - Midwest Monster Indianapolis Oct 2026,Midwest Monster - Indianapolis Card Show,baseball card show indianapolis,Phrase,Enabled
Show - Midwest Monster Indianapolis Oct 2026,Midwest Monster - Indianapolis Card Show,football card show indianapolis,Exact,Enabled
Show - Midwest Monster Indianapolis Oct 2026,Midwest Monster - Indianapolis Card Show,football card show indianapolis,Phrase,Enabled
Show - Midwest Monster Indianapolis Oct 2026,Midwest Monster - Venue,best choice fieldhouse card show,Exact,Enabled
Show - Midwest Monster Indianapolis Oct 2026,Midwest Monster - Venue,best choice fieldhouse card show,Phrase,Enabled
Show - Midwest Monster Indianapolis Oct 2026,Midwest Monster - Venue,best choice fieldhouse october 2026,Exact,Enabled
Show - Midwest Monster Indianapolis Oct 2026,Midwest Monster - Venue,best choice fieldhouse october 2026,Phrase,Enabled
Show - Midwest Monster Indianapolis Oct 2026,Midwest Monster - Venue,best choice fieldhouse events october,Exact,Enabled
Show - Midwest Monster Indianapolis Oct 2026,Midwest Monster - Venue,best choice fieldhouse events october,Phrase,Enabled
Show - Midwest Monster Indianapolis Oct 2026,Midwest Monster - Venue,what is at best choice fieldhouse this weekend,Exact,Enabled
Show - Midwest Monster Indianapolis Oct 2026,Midwest Monster - Venue,what is at best choice fieldhouse this weekend,Phrase,Enabled
Show - Trading Card Con Nashville Oct 2026,Trading Card Con - Show Name,trading card con nashville,Exact,Enabled
Show - Trading Card Con Nashville Oct 2026,Trading Card Con - Show Name,trading card con nashville,Phrase,Enabled
Show - Trading Card Con Nashville Oct 2026,Trading Card Con - Show Name,trading card con,Exact,Enabled
Show - Trading Card Con Nashville Oct 2026,Trading Card Con - Show Name,trading card con,Phrase,Enabled
Show - Trading Card Con Nashville Oct 2026,Trading Card Con - Show Name,trading card con 2026,Exact,Enabled
Show - Trading Card Con Nashville Oct 2026,Trading Card Con - Show Name,trading card con 2026,Phrase,Enabled
Show - Trading Card Con Nashville Oct 2026,Trading Card Con - Show Name,trading card con card show,Exact,Enabled
Show - Trading Card Con Nashville Oct 2026,Trading Card Con - Show Name,trading card con card show,Phrase,Enabled
Show - Trading Card Con Nashville Oct 2026,Trading Card Con - Show Name,trading card con tickets,Exact,Enabled
Show - Trading Card Con Nashville Oct 2026,Trading Card Con - Show Name,trading card con tickets,Phrase,Enabled
Show - Trading Card Con Nashville Oct 2026,Trading Card Con - Show Name,trading card con dates,Exact,Enabled
Show - Trading Card Con Nashville Oct 2026,Trading Card Con - Show Name,trading card con dates,Phrase,Enabled
Show - Trading Card Con Nashville Oct 2026,Trading Card Con - Show Name,trading card con schedule,Exact,Enabled
Show - Trading Card Con Nashville Oct 2026,Trading Card Con - Show Name,trading card con schedule,Phrase,Enabled
Show - Trading Card Con Nashville Oct 2026,Trading Card Con - Show Name,trading card con hours,Exact,Enabled
Show - Trading Card Con Nashville Oct 2026,Trading Card Con - Show Name,trading card con hours,Phrase,Enabled
Show - Trading Card Con Nashville Oct 2026,Trading Card Con - Show Name,trading card con vendors,Exact,Enabled
Show - Trading Card Con Nashville Oct 2026,Trading Card Con - Show Name,trading card con vendors,Phrase,Enabled
Show - Trading Card Con Nashville Oct 2026,Trading Card Con - Show Name,trading card con october,Exact,Enabled
Show - Trading Card Con Nashville Oct 2026,Trading Card Con - Show Name,trading card con october,Phrase,Enabled
Show - Trading Card Con Nashville Oct 2026,Trading Card Con - Nashville Card Show,card show nashville,Exact,Enabled
Show - Trading Card Con Nashville Oct 2026,Trading Card Con - Nashville Card Show,card show nashville,Phrase,Enabled
Show - Trading Card Con Nashville Oct 2026,Trading Card Con - Nashville Card Show,nashville card show,Exact,Enabled
Show - Trading Card Con Nashville Oct 2026,Trading Card Con - Nashville Card Show,nashville card show,Phrase,Enabled
Show - Trading Card Con Nashville Oct 2026,Trading Card Con - Nashville Card Show,nashville card show october,Exact,Enabled
Show - Trading Card Con Nashville Oct 2026,Trading Card Con - Nashville Card Show,nashville card show october,Phrase,Enabled
Show - Trading Card Con Nashville Oct 2026,Trading Card Con - Nashville Card Show,card show nashville this weekend,Exact,Enabled
Show - Trading Card Con Nashville Oct 2026,Trading Card Con - Nashville Card Show,card show nashville this weekend,Phrase,Enabled
Show - Trading Card Con Nashville Oct 2026,Trading Card Con - Nashville Card Show,card show near nashville,Exact,Enabled
Show - Trading Card Con Nashville Oct 2026,Trading Card Con - Nashville Card Show,card show near nashville,Phrase,Enabled
Show - Trading Card Con Nashville Oct 2026,Trading Card Con - Nashville Card Show,trading card show nashville,Exact,Enabled
Show - Trading Card Con Nashville Oct 2026,Trading Card Con - Nashville Card Show,trading card show nashville,Phrase,Enabled
Show - Trading Card Con Nashville Oct 2026,Trading Card Con - Nashville Card Show,nashville card convention,Exact,Enabled
Show - Trading Card Con Nashville Oct 2026,Trading Card Con - Nashville Card Show,nashville card convention,Phrase,Enabled
Show - Trading Card Con Nashville Oct 2026,Trading Card Con - Nashville Card Show,card shows in tennessee,Exact,Enabled
Show - Trading Card Con Nashville Oct 2026,Trading Card Con - Nashville Card Show,card shows in tennessee,Phrase,Enabled
Show - Trading Card Con Nashville Oct 2026,Trading Card Con - Nashville Card Show,tennessee card show 2026,Exact,Enabled
Show - Trading Card Con Nashville Oct 2026,Trading Card Con - Nashville Card Show,tennessee card show 2026,Phrase,Enabled
Show - Trading Card Con Nashville Oct 2026,Trading Card Con - Nashville Card Show,nashville sports card show,Exact,Enabled
Show - Trading Card Con Nashville Oct 2026,Trading Card Con - Nashville Card Show,nashville sports card show,Phrase,Enabled
Show - Trading Card Con Nashville Oct 2026,Trading Card Con - Nashville Card Show,sports card show nashville,Exact,Enabled
Show - Trading Card Con Nashville Oct 2026,Trading Card Con - Nashville Card Show,sports card show nashville,Phrase,Enabled
Show - Trading Card Con Nashville Oct 2026,Trading Card Con - Nashville Card Show,baseball card show nashville,Exact,Enabled
Show - Trading Card Con Nashville Oct 2026,Trading Card Con - Nashville Card Show,baseball card show nashville,Phrase,Enabled
Show - Trading Card Con Nashville Oct 2026,Trading Card Con - Nashville Card Show,football card show nashville,Exact,Enabled
Show - Trading Card Con Nashville Oct 2026,Trading Card Con - Nashville Card Show,football card show nashville,Phrase,Enabled
Show - Trading Card Con Nashville Oct 2026,Trading Card Con - Nashville Card Show,nashville pokemon card show,Exact,Enabled
Show - Trading Card Con Nashville Oct 2026,Trading Card Con - Nashville Card Show,nashville pokemon card show,Phrase,Enabled
Show - Trading Card Con Nashville Oct 2026,Trading Card Con - Nashville Card Show,pokemon card show nashville,Exact,Enabled
Show - Trading Card Con Nashville Oct 2026,Trading Card Con - Nashville Card Show,pokemon card show nashville,Phrase,Enabled
Show - Trading Card Con Nashville Oct 2026,Trading Card Con - Nashville Card Show,nashville tcg show,Exact,Enabled
Show - Trading Card Con Nashville Oct 2026,Trading Card Con - Nashville Card Show,nashville tcg show,Phrase,Enabled
Show - Trading Card Con Nashville Oct 2026,Trading Card Con - Nashville Card Show,pokemon event nashville,Exact,Enabled
Show - Trading Card Con Nashville Oct 2026,Trading Card Con - Nashville Card Show,pokemon event nashville,Phrase,Enabled
Show - Pokemon Regionals Louisville Oct 2026,Pokemon Regionals - Show Name,pokemon regional championship - louisville,Exact,Enabled
Show - Pokemon Regionals Louisville Oct 2026,Pokemon Regionals - Show Name,pokemon regional championship - louisville,Phrase,Enabled
Show - Pokemon Regionals Louisville Oct 2026,Pokemon Regionals - Show Name,pokemon regionals,Exact,Enabled
Show - Pokemon Regionals Louisville Oct 2026,Pokemon Regionals - Show Name,pokemon regionals,Phrase,Enabled
Show - Pokemon Regionals Louisville Oct 2026,Pokemon Regionals - Show Name,pokemon regionals 2026,Exact,Enabled
Show - Pokemon Regionals Louisville Oct 2026,Pokemon Regionals - Show Name,pokemon regionals 2026,Phrase,Enabled
Show - Pokemon Regionals Louisville Oct 2026,Pokemon Regionals - Show Name,pokemon regionals louisville,Exact,Enabled
Show - Pokemon Regionals Louisville Oct 2026,Pokemon Regionals - Show Name,pokemon regionals louisville,Phrase,Enabled
Show - Pokemon Regionals Louisville Oct 2026,Pokemon Regionals - Show Name,pokemon regionals card show,Exact,Enabled
Show - Pokemon Regionals Louisville Oct 2026,Pokemon Regionals - Show Name,pokemon regionals card show,Phrase,Enabled
Show - Pokemon Regionals Louisville Oct 2026,Pokemon Regionals - Show Name,pokemon regionals tickets,Exact,Enabled
Show - Pokemon Regionals Louisville Oct 2026,Pokemon Regionals - Show Name,pokemon regionals tickets,Phrase,Enabled
Show - Pokemon Regionals Louisville Oct 2026,Pokemon Regionals - Show Name,pokemon regionals dates,Exact,Enabled
Show - Pokemon Regionals Louisville Oct 2026,Pokemon Regionals - Show Name,pokemon regionals dates,Phrase,Enabled
Show - Pokemon Regionals Louisville Oct 2026,Pokemon Regionals - Show Name,pokemon regionals schedule,Exact,Enabled
Show - Pokemon Regionals Louisville Oct 2026,Pokemon Regionals - Show Name,pokemon regionals schedule,Phrase,Enabled
Show - Pokemon Regionals Louisville Oct 2026,Pokemon Regionals - Show Name,pokemon regionals hours,Exact,Enabled
Show - Pokemon Regionals Louisville Oct 2026,Pokemon Regionals - Show Name,pokemon regionals hours,Phrase,Enabled
Show - Pokemon Regionals Louisville Oct 2026,Pokemon Regionals - Show Name,pokemon regionals vendors,Exact,Enabled
Show - Pokemon Regionals Louisville Oct 2026,Pokemon Regionals - Show Name,pokemon regionals vendors,Phrase,Enabled
Show - Pokemon Regionals Louisville Oct 2026,Pokemon Regionals - Show Name,pokemon regionals october,Exact,Enabled
Show - Pokemon Regionals Louisville Oct 2026,Pokemon Regionals - Show Name,pokemon regionals october,Phrase,Enabled
Show - Pokemon Regionals Louisville Oct 2026,Pokemon Regionals - Louisville Card Show,card show louisville,Exact,Enabled
Show - Pokemon Regionals Louisville Oct 2026,Pokemon Regionals - Louisville Card Show,card show louisville,Phrase,Enabled
Show - Pokemon Regionals Louisville Oct 2026,Pokemon Regionals - Louisville Card Show,louisville card show,Exact,Enabled
Show - Pokemon Regionals Louisville Oct 2026,Pokemon Regionals - Louisville Card Show,louisville card show,Phrase,Enabled
Show - Pokemon Regionals Louisville Oct 2026,Pokemon Regionals - Louisville Card Show,louisville card show october,Exact,Enabled
Show - Pokemon Regionals Louisville Oct 2026,Pokemon Regionals - Louisville Card Show,louisville card show october,Phrase,Enabled
Show - Pokemon Regionals Louisville Oct 2026,Pokemon Regionals - Louisville Card Show,card show louisville this weekend,Exact,Enabled
Show - Pokemon Regionals Louisville Oct 2026,Pokemon Regionals - Louisville Card Show,card show louisville this weekend,Phrase,Enabled
Show - Pokemon Regionals Louisville Oct 2026,Pokemon Regionals - Louisville Card Show,card show near louisville,Exact,Enabled
Show - Pokemon Regionals Louisville Oct 2026,Pokemon Regionals - Louisville Card Show,card show near louisville,Phrase,Enabled
Show - Pokemon Regionals Louisville Oct 2026,Pokemon Regionals - Louisville Card Show,trading card show louisville,Exact,Enabled
Show - Pokemon Regionals Louisville Oct 2026,Pokemon Regionals - Louisville Card Show,trading card show louisville,Phrase,Enabled
Show - Pokemon Regionals Louisville Oct 2026,Pokemon Regionals - Louisville Card Show,louisville card convention,Exact,Enabled
Show - Pokemon Regionals Louisville Oct 2026,Pokemon Regionals - Louisville Card Show,louisville card convention,Phrase,Enabled
Show - Pokemon Regionals Louisville Oct 2026,Pokemon Regionals - Louisville Card Show,card shows in kentucky,Exact,Enabled
Show - Pokemon Regionals Louisville Oct 2026,Pokemon Regionals - Louisville Card Show,card shows in kentucky,Phrase,Enabled
Show - Pokemon Regionals Louisville Oct 2026,Pokemon Regionals - Louisville Card Show,kentucky card show 2026,Exact,Enabled
Show - Pokemon Regionals Louisville Oct 2026,Pokemon Regionals - Louisville Card Show,kentucky card show 2026,Phrase,Enabled
Show - Pokemon Regionals Louisville Oct 2026,Pokemon Regionals - Louisville Card Show,louisville pokemon card show,Exact,Enabled
Show - Pokemon Regionals Louisville Oct 2026,Pokemon Regionals - Louisville Card Show,louisville pokemon card show,Phrase,Enabled
Show - Pokemon Regionals Louisville Oct 2026,Pokemon Regionals - Louisville Card Show,pokemon card show louisville,Exact,Enabled
Show - Pokemon Regionals Louisville Oct 2026,Pokemon Regionals - Louisville Card Show,pokemon card show louisville,Phrase,Enabled
Show - Pokemon Regionals Louisville Oct 2026,Pokemon Regionals - Louisville Card Show,louisville tcg show,Exact,Enabled
Show - Pokemon Regionals Louisville Oct 2026,Pokemon Regionals - Louisville Card Show,louisville tcg show,Phrase,Enabled
Show - Pokemon Regionals Louisville Oct 2026,Pokemon Regionals - Louisville Card Show,pokemon event louisville,Exact,Enabled
Show - Pokemon Regionals Louisville Oct 2026,Pokemon Regionals - Louisville Card Show,pokemon event louisville,Phrase,Enabled
Show - Pokemon Regionals Louisville Oct 2026,Pokemon Regionals - Louisville Card Show,pokemon regional louisville,Exact,Enabled
Show - Pokemon Regionals Louisville Oct 2026,Pokemon Regionals - Louisville Card Show,pokemon regional louisville,Phrase,Enabled
Show - Pokemon Regionals Louisville Oct 2026,Pokemon Regionals - Louisville Card Show,pokemon championship louisville,Exact,Enabled
Show - Pokemon Regionals Louisville Oct 2026,Pokemon Regionals - Louisville Card Show,pokemon championship louisville,Phrase,Enabled
Show - Pokemon Regionals Louisville Oct 2026,Pokemon Regionals - Louisville Card Show,pokemon tournament louisville 2026,Exact,Enabled
Show - Pokemon Regionals Louisville Oct 2026,Pokemon Regionals - Louisville Card Show,pokemon tournament louisville 2026,Phrase,Enabled
Show - Collect-A-Con Chicago Oct 2026,Collect-A-Con Chicago - Show Name,collect-a-con chicago,Exact,Enabled
Show - Collect-A-Con Chicago Oct 2026,Collect-A-Con Chicago - Show Name,collect-a-con chicago,Phrase,Enabled
Show - Collect-A-Con Chicago Oct 2026,Collect-A-Con Chicago - Show Name,collect-a-con chicago 2026,Exact,Enabled
Show - Collect-A-Con Chicago Oct 2026,Collect-A-Con Chicago - Show Name,collect-a-con chicago 2026,Phrase,Enabled
Show - Collect-A-Con Chicago Oct 2026,Collect-A-Con Chicago - Show Name,collect-a-con chicago chicago,Exact,Enabled
Show - Collect-A-Con Chicago Oct 2026,Collect-A-Con Chicago - Show Name,collect-a-con chicago chicago,Phrase,Enabled
Show - Collect-A-Con Chicago Oct 2026,Collect-A-Con Chicago - Show Name,collect-a-con chicago card show,Exact,Enabled
Show - Collect-A-Con Chicago Oct 2026,Collect-A-Con Chicago - Show Name,collect-a-con chicago card show,Phrase,Enabled
Show - Collect-A-Con Chicago Oct 2026,Collect-A-Con Chicago - Show Name,collect-a-con chicago tickets,Exact,Enabled
Show - Collect-A-Con Chicago Oct 2026,Collect-A-Con Chicago - Show Name,collect-a-con chicago tickets,Phrase,Enabled
Show - Collect-A-Con Chicago Oct 2026,Collect-A-Con Chicago - Show Name,collect-a-con chicago dates,Exact,Enabled
Show - Collect-A-Con Chicago Oct 2026,Collect-A-Con Chicago - Show Name,collect-a-con chicago dates,Phrase,Enabled
Show - Collect-A-Con Chicago Oct 2026,Collect-A-Con Chicago - Show Name,collect-a-con chicago schedule,Exact,Enabled
Show - Collect-A-Con Chicago Oct 2026,Collect-A-Con Chicago - Show Name,collect-a-con chicago schedule,Phrase,Enabled
Show - Collect-A-Con Chicago Oct 2026,Collect-A-Con Chicago - Show Name,collect-a-con chicago hours,Exact,Enabled
Show - Collect-A-Con Chicago Oct 2026,Collect-A-Con Chicago - Show Name,collect-a-con chicago hours,Phrase,Enabled
Show - Collect-A-Con Chicago Oct 2026,Collect-A-Con Chicago - Show Name,collect-a-con chicago vendors,Exact,Enabled
Show - Collect-A-Con Chicago Oct 2026,Collect-A-Con Chicago - Show Name,collect-a-con chicago vendors,Phrase,Enabled
Show - Collect-A-Con Chicago Oct 2026,Collect-A-Con Chicago - Show Name,collect-a-con chicago october,Exact,Enabled
Show - Collect-A-Con Chicago Oct 2026,Collect-A-Con Chicago - Show Name,collect-a-con chicago october,Phrase,Enabled
Show - Collect-A-Con Chicago Oct 2026,Collect-A-Con Chicago - Chicago Card Show,card show chicago,Exact,Enabled
Show - Collect-A-Con Chicago Oct 2026,Collect-A-Con Chicago - Chicago Card Show,card show chicago,Phrase,Enabled
Show - Collect-A-Con Chicago Oct 2026,Collect-A-Con Chicago - Chicago Card Show,chicago card show,Exact,Enabled
Show - Collect-A-Con Chicago Oct 2026,Collect-A-Con Chicago - Chicago Card Show,chicago card show,Phrase,Enabled
Show - Collect-A-Con Chicago Oct 2026,Collect-A-Con Chicago - Chicago Card Show,chicago card show october,Exact,Enabled
Show - Collect-A-Con Chicago Oct 2026,Collect-A-Con Chicago - Chicago Card Show,chicago card show october,Phrase,Enabled
Show - Collect-A-Con Chicago Oct 2026,Collect-A-Con Chicago - Chicago Card Show,card show chicago this weekend,Exact,Enabled
Show - Collect-A-Con Chicago Oct 2026,Collect-A-Con Chicago - Chicago Card Show,card show chicago this weekend,Phrase,Enabled
Show - Collect-A-Con Chicago Oct 2026,Collect-A-Con Chicago - Chicago Card Show,card show near chicago,Exact,Enabled
Show - Collect-A-Con Chicago Oct 2026,Collect-A-Con Chicago - Chicago Card Show,card show near chicago,Phrase,Enabled
Show - Collect-A-Con Chicago Oct 2026,Collect-A-Con Chicago - Chicago Card Show,trading card show chicago,Exact,Enabled
Show - Collect-A-Con Chicago Oct 2026,Collect-A-Con Chicago - Chicago Card Show,trading card show chicago,Phrase,Enabled
Show - Collect-A-Con Chicago Oct 2026,Collect-A-Con Chicago - Chicago Card Show,chicago card convention,Exact,Enabled
Show - Collect-A-Con Chicago Oct 2026,Collect-A-Con Chicago - Chicago Card Show,chicago card convention,Phrase,Enabled
Show - Collect-A-Con Chicago Oct 2026,Collect-A-Con Chicago - Chicago Card Show,card shows in illinois,Exact,Enabled
Show - Collect-A-Con Chicago Oct 2026,Collect-A-Con Chicago - Chicago Card Show,card shows in illinois,Phrase,Enabled
Show - Collect-A-Con Chicago Oct 2026,Collect-A-Con Chicago - Chicago Card Show,illinois card show 2026,Exact,Enabled
Show - Collect-A-Con Chicago Oct 2026,Collect-A-Con Chicago - Chicago Card Show,illinois card show 2026,Phrase,Enabled
Show - Collect-A-Con Chicago Oct 2026,Collect-A-Con Chicago - Chicago Card Show,chicago pokemon card show,Exact,Enabled
Show - Collect-A-Con Chicago Oct 2026,Collect-A-Con Chicago - Chicago Card Show,chicago pokemon card show,Phrase,Enabled
Show - Collect-A-Con Chicago Oct 2026,Collect-A-Con Chicago - Chicago Card Show,pokemon card show chicago,Exact,Enabled
Show - Collect-A-Con Chicago Oct 2026,Collect-A-Con Chicago - Chicago Card Show,pokemon card show chicago,Phrase,Enabled
Show - Collect-A-Con Chicago Oct 2026,Collect-A-Con Chicago - Chicago Card Show,chicago tcg show,Exact,Enabled
Show - Collect-A-Con Chicago Oct 2026,Collect-A-Con Chicago - Chicago Card Show,chicago tcg show,Phrase,Enabled
Show - Collect-A-Con Chicago Oct 2026,Collect-A-Con Chicago - Chicago Card Show,pokemon event chicago,Exact,Enabled
Show - Collect-A-Con Chicago Oct 2026,Collect-A-Con Chicago - Chicago Card Show,pokemon event chicago,Phrase,Enabled
Show - Collect-A-Con Chicago Oct 2026,Collect-A-Con Chicago - Venue,donald e stephens convention center card show,Exact,Enabled
Show - Collect-A-Con Chicago Oct 2026,Collect-A-Con Chicago - Venue,donald e stephens convention center card show,Phrase,Enabled
Show - Collect-A-Con Chicago Oct 2026,Collect-A-Con Chicago - Venue,donald e stephens convention center october 2026,Exact,Enabled
Show - Collect-A-Con Chicago Oct 2026,Collect-A-Con Chicago - Venue,donald e stephens convention center october 2026,Phrase,Enabled
Show - Collect-A-Con Chicago Oct 2026,Collect-A-Con Chicago - Venue,donald e stephens convention center events october,Exact,Enabled
Show - Collect-A-Con Chicago Oct 2026,Collect-A-Con Chicago - Venue,donald e stephens convention center events october,Phrase,Enabled
Show - Collect-A-Con Chicago Oct 2026,Collect-A-Con Chicago - Venue,what is at donald e stephens convention center this weekend,Exact,Enabled
Show - Collect-A-Con Chicago Oct 2026,Collect-A-Con Chicago - Venue,what is at donald e stephens convention center this weekend,Phrase,Enabled
Show - Dallas Card Show Oct 2026,Dallas Card Show - Show Name,dallas card show,Exact,Enabled
Show - Dallas Card Show Oct 2026,Dallas Card Show - Show Name,dallas card show,Phrase,Enabled
Show - Dallas Card Show Oct 2026,Dallas Card Show - Show Name,dallas card show 2026,Exact,Enabled
Show - Dallas Card Show Oct 2026,Dallas Card Show - Show Name,dallas card show 2026,Phrase,Enabled
Show - Dallas Card Show Oct 2026,Dallas Card Show - Show Name,dallas card show dallas,Exact,Enabled
Show - Dallas Card Show Oct 2026,Dallas Card Show - Show Name,dallas card show dallas,Phrase,Enabled
Show - Dallas Card Show Oct 2026,Dallas Card Show - Show Name,dallas card show card show,Exact,Enabled
Show - Dallas Card Show Oct 2026,Dallas Card Show - Show Name,dallas card show card show,Phrase,Enabled
Show - Dallas Card Show Oct 2026,Dallas Card Show - Show Name,dallas card show tickets,Exact,Enabled
Show - Dallas Card Show Oct 2026,Dallas Card Show - Show Name,dallas card show tickets,Phrase,Enabled
Show - Dallas Card Show Oct 2026,Dallas Card Show - Show Name,dallas card show dates,Exact,Enabled
Show - Dallas Card Show Oct 2026,Dallas Card Show - Show Name,dallas card show dates,Phrase,Enabled
Show - Dallas Card Show Oct 2026,Dallas Card Show - Show Name,dallas card show schedule,Exact,Enabled
Show - Dallas Card Show Oct 2026,Dallas Card Show - Show Name,dallas card show schedule,Phrase,Enabled
Show - Dallas Card Show Oct 2026,Dallas Card Show - Show Name,dallas card show hours,Exact,Enabled
Show - Dallas Card Show Oct 2026,Dallas Card Show - Show Name,dallas card show hours,Phrase,Enabled
Show - Dallas Card Show Oct 2026,Dallas Card Show - Show Name,dallas card show vendors,Exact,Enabled
Show - Dallas Card Show Oct 2026,Dallas Card Show - Show Name,dallas card show vendors,Phrase,Enabled
Show - Dallas Card Show Oct 2026,Dallas Card Show - Show Name,dallas card show october,Exact,Enabled
Show - Dallas Card Show Oct 2026,Dallas Card Show - Show Name,dallas card show october,Phrase,Enabled
Show - Dallas Card Show Oct 2026,Dallas Card Show - Dallas Card Show,card show dallas,Exact,Enabled
Show - Dallas Card Show Oct 2026,Dallas Card Show - Dallas Card Show,card show dallas,Phrase,Enabled
Show - Dallas Card Show Oct 2026,Dallas Card Show - Dallas Card Show,dallas card show,Exact,Enabled
Show - Dallas Card Show Oct 2026,Dallas Card Show - Dallas Card Show,dallas card show,Phrase,Enabled
Show - Dallas Card Show Oct 2026,Dallas Card Show - Dallas Card Show,dallas card show october,Exact,Enabled
Show - Dallas Card Show Oct 2026,Dallas Card Show - Dallas Card Show,dallas card show october,Phrase,Enabled
Show - Dallas Card Show Oct 2026,Dallas Card Show - Dallas Card Show,card show dallas this weekend,Exact,Enabled
Show - Dallas Card Show Oct 2026,Dallas Card Show - Dallas Card Show,card show dallas this weekend,Phrase,Enabled
Show - Dallas Card Show Oct 2026,Dallas Card Show - Dallas Card Show,card show near dallas,Exact,Enabled
Show - Dallas Card Show Oct 2026,Dallas Card Show - Dallas Card Show,card show near dallas,Phrase,Enabled
Show - Dallas Card Show Oct 2026,Dallas Card Show - Dallas Card Show,trading card show dallas,Exact,Enabled
Show - Dallas Card Show Oct 2026,Dallas Card Show - Dallas Card Show,trading card show dallas,Phrase,Enabled
Show - Dallas Card Show Oct 2026,Dallas Card Show - Dallas Card Show,dallas card convention,Exact,Enabled
Show - Dallas Card Show Oct 2026,Dallas Card Show - Dallas Card Show,dallas card convention,Phrase,Enabled
Show - Dallas Card Show Oct 2026,Dallas Card Show - Dallas Card Show,card shows in texas,Exact,Enabled
Show - Dallas Card Show Oct 2026,Dallas Card Show - Dallas Card Show,card shows in texas,Phrase,Enabled
Show - Dallas Card Show Oct 2026,Dallas Card Show - Dallas Card Show,texas card show 2026,Exact,Enabled
Show - Dallas Card Show Oct 2026,Dallas Card Show - Dallas Card Show,texas card show 2026,Phrase,Enabled
Show - Dallas Card Show Oct 2026,Dallas Card Show - Dallas Card Show,dallas sports card show,Exact,Enabled
Show - Dallas Card Show Oct 2026,Dallas Card Show - Dallas Card Show,dallas sports card show,Phrase,Enabled
Show - Dallas Card Show Oct 2026,Dallas Card Show - Dallas Card Show,sports card show dallas,Exact,Enabled
Show - Dallas Card Show Oct 2026,Dallas Card Show - Dallas Card Show,sports card show dallas,Phrase,Enabled
Show - Dallas Card Show Oct 2026,Dallas Card Show - Dallas Card Show,baseball card show dallas,Exact,Enabled
Show - Dallas Card Show Oct 2026,Dallas Card Show - Dallas Card Show,baseball card show dallas,Phrase,Enabled
Show - Dallas Card Show Oct 2026,Dallas Card Show - Dallas Card Show,football card show dallas,Exact,Enabled
Show - Dallas Card Show Oct 2026,Dallas Card Show - Dallas Card Show,football card show dallas,Phrase,Enabled
Show - Dallas Card Show Oct 2026,Dallas Card Show - Dallas Card Show,dallas pokemon card show,Exact,Enabled
Show - Dallas Card Show Oct 2026,Dallas Card Show - Dallas Card Show,dallas pokemon card show,Phrase,Enabled
Show - Dallas Card Show Oct 2026,Dallas Card Show - Dallas Card Show,pokemon card show dallas,Exact,Enabled
Show - Dallas Card Show Oct 2026,Dallas Card Show - Dallas Card Show,pokemon card show dallas,Phrase,Enabled
Show - Dallas Card Show Oct 2026,Dallas Card Show - Dallas Card Show,dallas tcg show,Exact,Enabled
Show - Dallas Card Show Oct 2026,Dallas Card Show - Dallas Card Show,dallas tcg show,Phrase,Enabled
Show - Dallas Card Show Oct 2026,Dallas Card Show - Dallas Card Show,pokemon event dallas,Exact,Enabled
Show - Dallas Card Show Oct 2026,Dallas Card Show - Dallas Card Show,pokemon event dallas,Phrase,Enabled
Show - Dallas Card Show Oct 2026,Dallas Card Show - Venue,marriott dallas allen hotel card show,Exact,Enabled
Show - Dallas Card Show Oct 2026,Dallas Card Show - Venue,marriott dallas allen hotel card show,Phrase,Enabled
Show - Dallas Card Show Oct 2026,Dallas Card Show - Venue,marriott dallas allen hotel october 2026,Exact,Enabled
Show - Dallas Card Show Oct 2026,Dallas Card Show - Venue,marriott dallas allen hotel october 2026,Phrase,Enabled
Show - Dallas Card Show Oct 2026,Dallas Card Show - Venue,marriott dallas allen hotel events october,Exact,Enabled
Show - Dallas Card Show Oct 2026,Dallas Card Show - Venue,marriott dallas allen hotel events october,Phrase,Enabled
Show - Dallas Card Show Oct 2026,Dallas Card Show - Venue,what is at marriott dallas allen hotel this weekend,Exact,Enabled
Show - Dallas Card Show Oct 2026,Dallas Card Show - Venue,what is at marriott dallas allen hotel this weekend,Phrase,Enabled
Show - Chantilly Show Oct 2026,Chantilly Show - Show Name,csa chantilly show,Exact,Enabled
Show - Chantilly Show Oct 2026,Chantilly Show - Show Name,csa chantilly show,Phrase,Enabled
Show - Chantilly Show Oct 2026,Chantilly Show - Show Name,chantilly show,Exact,Enabled
Show - Chantilly Show Oct 2026,Chantilly Show - Show Name,chantilly show,Phrase,Enabled
Show - Chantilly Show Oct 2026,Chantilly Show - Show Name,chantilly show 2026,Exact,Enabled
Show - Chantilly Show Oct 2026,Chantilly Show - Show Name,chantilly show 2026,Phrase,Enabled
Show - Chantilly Show Oct 2026,Chantilly Show - Show Name,chantilly show washington dc,Exact,Enabled
Show - Chantilly Show Oct 2026,Chantilly Show - Show Name,chantilly show washington dc,Phrase,Enabled
Show - Chantilly Show Oct 2026,Chantilly Show - Show Name,chantilly show card show,Exact,Enabled
Show - Chantilly Show Oct 2026,Chantilly Show - Show Name,chantilly show card show,Phrase,Enabled
Show - Chantilly Show Oct 2026,Chantilly Show - Show Name,chantilly show tickets,Exact,Enabled
Show - Chantilly Show Oct 2026,Chantilly Show - Show Name,chantilly show tickets,Phrase,Enabled
Show - Chantilly Show Oct 2026,Chantilly Show - Show Name,chantilly show dates,Exact,Enabled
Show - Chantilly Show Oct 2026,Chantilly Show - Show Name,chantilly show dates,Phrase,Enabled
Show - Chantilly Show Oct 2026,Chantilly Show - Show Name,chantilly show schedule,Exact,Enabled
Show - Chantilly Show Oct 2026,Chantilly Show - Show Name,chantilly show schedule,Phrase,Enabled
Show - Chantilly Show Oct 2026,Chantilly Show - Show Name,chantilly show hours,Exact,Enabled
Show - Chantilly Show Oct 2026,Chantilly Show - Show Name,chantilly show hours,Phrase,Enabled
Show - Chantilly Show Oct 2026,Chantilly Show - Show Name,chantilly show vendors,Exact,Enabled
Show - Chantilly Show Oct 2026,Chantilly Show - Show Name,chantilly show vendors,Phrase,Enabled
Show - Chantilly Show Oct 2026,Chantilly Show - Show Name,chantilly show october,Exact,Enabled
Show - Chantilly Show Oct 2026,Chantilly Show - Show Name,chantilly show october,Phrase,Enabled
Show - Chantilly Show Oct 2026,Chantilly Show - Washington DC Card Show,card show washington dc,Exact,Enabled
Show - Chantilly Show Oct 2026,Chantilly Show - Washington DC Card Show,card show washington dc,Phrase,Enabled
Show - Chantilly Show Oct 2026,Chantilly Show - Washington DC Card Show,washington dc card show,Exact,Enabled
Show - Chantilly Show Oct 2026,Chantilly Show - Washington DC Card Show,washington dc card show,Phrase,Enabled
Show - Chantilly Show Oct 2026,Chantilly Show - Washington DC Card Show,washington dc card show october,Exact,Enabled
Show - Chantilly Show Oct 2026,Chantilly Show - Washington DC Card Show,washington dc card show october,Phrase,Enabled
Show - Chantilly Show Oct 2026,Chantilly Show - Washington DC Card Show,card show washington dc this weekend,Exact,Enabled
Show - Chantilly Show Oct 2026,Chantilly Show - Washington DC Card Show,card show washington dc this weekend,Phrase,Enabled
Show - Chantilly Show Oct 2026,Chantilly Show - Washington DC Card Show,card show near washington dc,Exact,Enabled
Show - Chantilly Show Oct 2026,Chantilly Show - Washington DC Card Show,card show near washington dc,Phrase,Enabled
Show - Chantilly Show Oct 2026,Chantilly Show - Washington DC Card Show,trading card show washington dc,Exact,Enabled
Show - Chantilly Show Oct 2026,Chantilly Show - Washington DC Card Show,trading card show washington dc,Phrase,Enabled
Show - Chantilly Show Oct 2026,Chantilly Show - Washington DC Card Show,washington dc card convention,Exact,Enabled
Show - Chantilly Show Oct 2026,Chantilly Show - Washington DC Card Show,washington dc card convention,Phrase,Enabled
Show - Chantilly Show Oct 2026,Chantilly Show - Washington DC Card Show,card shows in virginia,Exact,Enabled
Show - Chantilly Show Oct 2026,Chantilly Show - Washington DC Card Show,card shows in virginia,Phrase,Enabled
Show - Chantilly Show Oct 2026,Chantilly Show - Washington DC Card Show,virginia card show 2026,Exact,Enabled
Show - Chantilly Show Oct 2026,Chantilly Show - Washington DC Card Show,virginia card show 2026,Phrase,Enabled
Show - Chantilly Show Oct 2026,Chantilly Show - Washington DC Card Show,washington dc sports card show,Exact,Enabled
Show - Chantilly Show Oct 2026,Chantilly Show - Washington DC Card Show,washington dc sports card show,Phrase,Enabled
Show - Chantilly Show Oct 2026,Chantilly Show - Washington DC Card Show,sports card show washington dc,Exact,Enabled
Show - Chantilly Show Oct 2026,Chantilly Show - Washington DC Card Show,sports card show washington dc,Phrase,Enabled
Show - Chantilly Show Oct 2026,Chantilly Show - Washington DC Card Show,baseball card show washington dc,Exact,Enabled
Show - Chantilly Show Oct 2026,Chantilly Show - Washington DC Card Show,baseball card show washington dc,Phrase,Enabled
Show - Chantilly Show Oct 2026,Chantilly Show - Washington DC Card Show,football card show washington dc,Exact,Enabled
Show - Chantilly Show Oct 2026,Chantilly Show - Washington DC Card Show,football card show washington dc,Phrase,Enabled
Show - Chantilly Show Oct 2026,Chantilly Show - Venue,dulles expo center card show,Exact,Enabled
Show - Chantilly Show Oct 2026,Chantilly Show - Venue,dulles expo center card show,Phrase,Enabled
Show - Chantilly Show Oct 2026,Chantilly Show - Venue,dulles expo center october 2026,Exact,Enabled
Show - Chantilly Show Oct 2026,Chantilly Show - Venue,dulles expo center october 2026,Phrase,Enabled
Show - Chantilly Show Oct 2026,Chantilly Show - Venue,dulles expo center events october,Exact,Enabled
Show - Chantilly Show Oct 2026,Chantilly Show - Venue,dulles expo center events october,Phrase,Enabled
Show - Chantilly Show Oct 2026,Chantilly Show - Venue,what is at dulles expo center this weekend,Exact,Enabled
Show - Chantilly Show Oct 2026,Chantilly Show - Venue,what is at dulles expo center this weekend,Phrase,Enabled
Show - Northeast Card Expo Portland Oct 2026,Northeast Card Expo - Show Name,northeast sports card expo,Exact,Enabled
Show - Northeast Card Expo Portland Oct 2026,Northeast Card Expo - Show Name,northeast sports card expo,Phrase,Enabled
Show - Northeast Card Expo Portland Oct 2026,Northeast Card Expo - Show Name,northeast card expo,Exact,Enabled
Show - Northeast Card Expo Portland Oct 2026,Northeast Card Expo - Show Name,northeast card expo,Phrase,Enabled
Show - Northeast Card Expo Portland Oct 2026,Northeast Card Expo - Show Name,northeast card expo 2026,Exact,Enabled
Show - Northeast Card Expo Portland Oct 2026,Northeast Card Expo - Show Name,northeast card expo 2026,Phrase,Enabled
Show - Northeast Card Expo Portland Oct 2026,Northeast Card Expo - Show Name,northeast card expo portland,Exact,Enabled
Show - Northeast Card Expo Portland Oct 2026,Northeast Card Expo - Show Name,northeast card expo portland,Phrase,Enabled
Show - Northeast Card Expo Portland Oct 2026,Northeast Card Expo - Show Name,northeast card expo card show,Exact,Enabled
Show - Northeast Card Expo Portland Oct 2026,Northeast Card Expo - Show Name,northeast card expo card show,Phrase,Enabled
Show - Northeast Card Expo Portland Oct 2026,Northeast Card Expo - Show Name,northeast card expo tickets,Exact,Enabled
Show - Northeast Card Expo Portland Oct 2026,Northeast Card Expo - Show Name,northeast card expo tickets,Phrase,Enabled
Show - Northeast Card Expo Portland Oct 2026,Northeast Card Expo - Show Name,northeast card expo dates,Exact,Enabled
Show - Northeast Card Expo Portland Oct 2026,Northeast Card Expo - Show Name,northeast card expo dates,Phrase,Enabled
Show - Northeast Card Expo Portland Oct 2026,Northeast Card Expo - Show Name,northeast card expo schedule,Exact,Enabled
Show - Northeast Card Expo Portland Oct 2026,Northeast Card Expo - Show Name,northeast card expo schedule,Phrase,Enabled
Show - Northeast Card Expo Portland Oct 2026,Northeast Card Expo - Show Name,northeast card expo hours,Exact,Enabled
Show - Northeast Card Expo Portland Oct 2026,Northeast Card Expo - Show Name,northeast card expo hours,Phrase,Enabled
Show - Northeast Card Expo Portland Oct 2026,Northeast Card Expo - Show Name,northeast card expo vendors,Exact,Enabled
Show - Northeast Card Expo Portland Oct 2026,Northeast Card Expo - Show Name,northeast card expo vendors,Phrase,Enabled
Show - Northeast Card Expo Portland Oct 2026,Northeast Card Expo - Show Name,northeast card expo october,Exact,Enabled
Show - Northeast Card Expo Portland Oct 2026,Northeast Card Expo - Show Name,northeast card expo october,Phrase,Enabled
Show - Northeast Card Expo Portland Oct 2026,Northeast Card Expo - Portland Card Show,card show portland,Exact,Enabled
Show - Northeast Card Expo Portland Oct 2026,Northeast Card Expo - Portland Card Show,card show portland,Phrase,Enabled
Show - Northeast Card Expo Portland Oct 2026,Northeast Card Expo - Portland Card Show,portland card show,Exact,Enabled
Show - Northeast Card Expo Portland Oct 2026,Northeast Card Expo - Portland Card Show,portland card show,Phrase,Enabled
Show - Northeast Card Expo Portland Oct 2026,Northeast Card Expo - Portland Card Show,portland card show october,Exact,Enabled
Show - Northeast Card Expo Portland Oct 2026,Northeast Card Expo - Portland Card Show,portland card show october,Phrase,Enabled
Show - Northeast Card Expo Portland Oct 2026,Northeast Card Expo - Portland Card Show,card show portland this weekend,Exact,Enabled
Show - Northeast Card Expo Portland Oct 2026,Northeast Card Expo - Portland Card Show,card show portland this weekend,Phrase,Enabled
Show - Northeast Card Expo Portland Oct 2026,Northeast Card Expo - Portland Card Show,card show near portland,Exact,Enabled
Show - Northeast Card Expo Portland Oct 2026,Northeast Card Expo - Portland Card Show,card show near portland,Phrase,Enabled
Show - Northeast Card Expo Portland Oct 2026,Northeast Card Expo - Portland Card Show,trading card show portland,Exact,Enabled
Show - Northeast Card Expo Portland Oct 2026,Northeast Card Expo - Portland Card Show,trading card show portland,Phrase,Enabled
Show - Northeast Card Expo Portland Oct 2026,Northeast Card Expo - Portland Card Show,portland card convention,Exact,Enabled
Show - Northeast Card Expo Portland Oct 2026,Northeast Card Expo - Portland Card Show,portland card convention,Phrase,Enabled
Show - Northeast Card Expo Portland Oct 2026,Northeast Card Expo - Portland Card Show,card shows in maine,Exact,Enabled
Show - Northeast Card Expo Portland Oct 2026,Northeast Card Expo - Portland Card Show,card shows in maine,Phrase,Enabled
Show - Northeast Card Expo Portland Oct 2026,Northeast Card Expo - Portland Card Show,maine card show 2026,Exact,Enabled
Show - Northeast Card Expo Portland Oct 2026,Northeast Card Expo - Portland Card Show,maine card show 2026,Phrase,Enabled
Show - Northeast Card Expo Portland Oct 2026,Northeast Card Expo - Portland Card Show,portland sports card show,Exact,Enabled
Show - Northeast Card Expo Portland Oct 2026,Northeast Card Expo - Portland Card Show,portland sports card show,Phrase,Enabled
Show - Northeast Card Expo Portland Oct 2026,Northeast Card Expo - Portland Card Show,sports card show portland,Exact,Enabled
Show - Northeast Card Expo Portland Oct 2026,Northeast Card Expo - Portland Card Show,sports card show portland,Phrase,Enabled
Show - Northeast Card Expo Portland Oct 2026,Northeast Card Expo - Portland Card Show,baseball card show portland,Exact,Enabled
Show - Northeast Card Expo Portland Oct 2026,Northeast Card Expo - Portland Card Show,baseball card show portland,Phrase,Enabled
Show - Northeast Card Expo Portland Oct 2026,Northeast Card Expo - Portland Card Show,football card show portland,Exact,Enabled
Show - Northeast Card Expo Portland Oct 2026,Northeast Card Expo - Portland Card Show,football card show portland,Phrase,Enabled
Show - Northeast Card Expo Portland Oct 2026,Northeast Card Expo - Venue,portland expo building card show,Exact,Enabled
Show - Northeast Card Expo Portland Oct 2026,Northeast Card Expo - Venue,portland expo building card show,Phrase,Enabled
Show - Northeast Card Expo Portland Oct 2026,Northeast Card Expo - Venue,portland expo building october 2026,Exact,Enabled
Show - Northeast Card Expo Portland Oct 2026,Northeast Card Expo - Venue,portland expo building october 2026,Phrase,Enabled
Show - Northeast Card Expo Portland Oct 2026,Northeast Card Expo - Venue,portland expo building events october,Exact,Enabled
Show - Northeast Card Expo Portland Oct 2026,Northeast Card Expo - Venue,portland expo building events october,Phrase,Enabled
Show - Northeast Card Expo Portland Oct 2026,Northeast Card Expo - Venue,what is at portland expo building this weekend,Exact,Enabled
Show - Northeast Card Expo Portland Oct 2026,Northeast Card Expo - Venue,what is at portland expo building this weekend,Phrase,Enabled
Show - Fall Classic Long Island Oct 2026,Fall Classic - Show Name,lucky's hofstra fall classic,Exact,Enabled
Show - Fall Classic Long Island Oct 2026,Fall Classic - Show Name,lucky's hofstra fall classic,Phrase,Enabled
Show - Fall Classic Long Island Oct 2026,Fall Classic - Show Name,fall classic,Exact,Enabled
Show - Fall Classic Long Island Oct 2026,Fall Classic - Show Name,fall classic,Phrase,Enabled
Show - Fall Classic Long Island Oct 2026,Fall Classic - Show Name,fall classic 2026,Exact,Enabled
Show - Fall Classic Long Island Oct 2026,Fall Classic - Show Name,fall classic 2026,Phrase,Enabled
Show - Fall Classic Long Island Oct 2026,Fall Classic - Show Name,fall classic long island,Exact,Enabled
Show - Fall Classic Long Island Oct 2026,Fall Classic - Show Name,fall classic long island,Phrase,Enabled
Show - Fall Classic Long Island Oct 2026,Fall Classic - Show Name,fall classic card show,Exact,Enabled
Show - Fall Classic Long Island Oct 2026,Fall Classic - Show Name,fall classic card show,Phrase,Enabled
Show - Fall Classic Long Island Oct 2026,Fall Classic - Show Name,fall classic tickets,Exact,Enabled
Show - Fall Classic Long Island Oct 2026,Fall Classic - Show Name,fall classic tickets,Phrase,Enabled
Show - Fall Classic Long Island Oct 2026,Fall Classic - Show Name,fall classic dates,Exact,Enabled
Show - Fall Classic Long Island Oct 2026,Fall Classic - Show Name,fall classic dates,Phrase,Enabled
Show - Fall Classic Long Island Oct 2026,Fall Classic - Show Name,fall classic schedule,Exact,Enabled
Show - Fall Classic Long Island Oct 2026,Fall Classic - Show Name,fall classic schedule,Phrase,Enabled
Show - Fall Classic Long Island Oct 2026,Fall Classic - Show Name,fall classic hours,Exact,Enabled
Show - Fall Classic Long Island Oct 2026,Fall Classic - Show Name,fall classic hours,Phrase,Enabled
Show - Fall Classic Long Island Oct 2026,Fall Classic - Show Name,fall classic vendors,Exact,Enabled
Show - Fall Classic Long Island Oct 2026,Fall Classic - Show Name,fall classic vendors,Phrase,Enabled
Show - Fall Classic Long Island Oct 2026,Fall Classic - Show Name,fall classic october,Exact,Enabled
Show - Fall Classic Long Island Oct 2026,Fall Classic - Show Name,fall classic october,Phrase,Enabled
Show - Fall Classic Long Island Oct 2026,Fall Classic - Long Island Card Show,card show long island,Exact,Enabled
Show - Fall Classic Long Island Oct 2026,Fall Classic - Long Island Card Show,card show long island,Phrase,Enabled
Show - Fall Classic Long Island Oct 2026,Fall Classic - Long Island Card Show,long island card show,Exact,Enabled
Show - Fall Classic Long Island Oct 2026,Fall Classic - Long Island Card Show,long island card show,Phrase,Enabled
Show - Fall Classic Long Island Oct 2026,Fall Classic - Long Island Card Show,long island card show october,Exact,Enabled
Show - Fall Classic Long Island Oct 2026,Fall Classic - Long Island Card Show,long island card show october,Phrase,Enabled
Show - Fall Classic Long Island Oct 2026,Fall Classic - Long Island Card Show,card show long island this weekend,Exact,Enabled
Show - Fall Classic Long Island Oct 2026,Fall Classic - Long Island Card Show,card show long island this weekend,Phrase,Enabled
Show - Fall Classic Long Island Oct 2026,Fall Classic - Long Island Card Show,card show near long island,Exact,Enabled
Show - Fall Classic Long Island Oct 2026,Fall Classic - Long Island Card Show,card show near long island,Phrase,Enabled
Show - Fall Classic Long Island Oct 2026,Fall Classic - Long Island Card Show,trading card show long island,Exact,Enabled
Show - Fall Classic Long Island Oct 2026,Fall Classic - Long Island Card Show,trading card show long island,Phrase,Enabled
Show - Fall Classic Long Island Oct 2026,Fall Classic - Long Island Card Show,long island card convention,Exact,Enabled
Show - Fall Classic Long Island Oct 2026,Fall Classic - Long Island Card Show,long island card convention,Phrase,Enabled
Show - Fall Classic Long Island Oct 2026,Fall Classic - Long Island Card Show,card shows in new york,Exact,Enabled
Show - Fall Classic Long Island Oct 2026,Fall Classic - Long Island Card Show,card shows in new york,Phrase,Enabled
Show - Fall Classic Long Island Oct 2026,Fall Classic - Long Island Card Show,new york card show 2026,Exact,Enabled
Show - Fall Classic Long Island Oct 2026,Fall Classic - Long Island Card Show,new york card show 2026,Phrase,Enabled
Show - Fall Classic Long Island Oct 2026,Fall Classic - Long Island Card Show,long island sports card show,Exact,Enabled
Show - Fall Classic Long Island Oct 2026,Fall Classic - Long Island Card Show,long island sports card show,Phrase,Enabled
Show - Fall Classic Long Island Oct 2026,Fall Classic - Long Island Card Show,sports card show long island,Exact,Enabled
Show - Fall Classic Long Island Oct 2026,Fall Classic - Long Island Card Show,sports card show long island,Phrase,Enabled
Show - Fall Classic Long Island Oct 2026,Fall Classic - Long Island Card Show,baseball card show long island,Exact,Enabled
Show - Fall Classic Long Island Oct 2026,Fall Classic - Long Island Card Show,baseball card show long island,Phrase,Enabled
Show - Fall Classic Long Island Oct 2026,Fall Classic - Long Island Card Show,football card show long island,Exact,Enabled
Show - Fall Classic Long Island Oct 2026,Fall Classic - Long Island Card Show,football card show long island,Phrase,Enabled
Show - Fall Classic Long Island Oct 2026,Fall Classic - Venue,hofstra university card show,Exact,Enabled
Show - Fall Classic Long Island Oct 2026,Fall Classic - Venue,hofstra university card show,Phrase,Enabled
Show - Fall Classic Long Island Oct 2026,Fall Classic - Venue,hofstra university october 2026,Exact,Enabled
Show - Fall Classic Long Island Oct 2026,Fall Classic - Venue,hofstra university october 2026,Phrase,Enabled
Show - Fall Classic Long Island Oct 2026,Fall Classic - Venue,hofstra university events october,Exact,Enabled
Show - Fall Classic Long Island Oct 2026,Fall Classic - Venue,hofstra university events october,Phrase,Enabled
Show - Fall Classic Long Island Oct 2026,Fall Classic - Venue,what is at hofstra university this weekend,Exact,Enabled
Show - Fall Classic Long Island Oct 2026,Fall Classic - Venue,what is at hofstra university this weekend,Phrase,Enabled
Show - Philly Non-Sports Philadelphia Oct 2026,Philly Non-Sports - Show Name,philly non-sports card show,Exact,Enabled
Show - Philly Non-Sports Philadelphia Oct 2026,Philly Non-Sports - Show Name,philly non-sports card show,Phrase,Enabled
Show - Philly Non-Sports Philadelphia Oct 2026,Philly Non-Sports - Show Name,philly non-sports,Exact,Enabled
Show - Philly Non-Sports Philadelphia Oct 2026,Philly Non-Sports - Show Name,philly non-sports,Phrase,Enabled
Show - Philly Non-Sports Philadelphia Oct 2026,Philly Non-Sports - Show Name,philly non-sports 2026,Exact,Enabled
Show - Philly Non-Sports Philadelphia Oct 2026,Philly Non-Sports - Show Name,philly non-sports 2026,Phrase,Enabled
Show - Philly Non-Sports Philadelphia Oct 2026,Philly Non-Sports - Show Name,philly non-sports philadelphia,Exact,Enabled
Show - Philly Non-Sports Philadelphia Oct 2026,Philly Non-Sports - Show Name,philly non-sports philadelphia,Phrase,Enabled
Show - Philly Non-Sports Philadelphia Oct 2026,Philly Non-Sports - Show Name,philly non-sports card show,Exact,Enabled
Show - Philly Non-Sports Philadelphia Oct 2026,Philly Non-Sports - Show Name,philly non-sports card show,Phrase,Enabled
Show - Philly Non-Sports Philadelphia Oct 2026,Philly Non-Sports - Show Name,philly non-sports tickets,Exact,Enabled
Show - Philly Non-Sports Philadelphia Oct 2026,Philly Non-Sports - Show Name,philly non-sports tickets,Phrase,Enabled
Show - Philly Non-Sports Philadelphia Oct 2026,Philly Non-Sports - Show Name,philly non-sports dates,Exact,Enabled
Show - Philly Non-Sports Philadelphia Oct 2026,Philly Non-Sports - Show Name,philly non-sports dates,Phrase,Enabled
Show - Philly Non-Sports Philadelphia Oct 2026,Philly Non-Sports - Show Name,philly non-sports schedule,Exact,Enabled
Show - Philly Non-Sports Philadelphia Oct 2026,Philly Non-Sports - Show Name,philly non-sports schedule,Phrase,Enabled
Show - Philly Non-Sports Philadelphia Oct 2026,Philly Non-Sports - Show Name,philly non-sports hours,Exact,Enabled
Show - Philly Non-Sports Philadelphia Oct 2026,Philly Non-Sports - Show Name,philly non-sports hours,Phrase,Enabled
Show - Philly Non-Sports Philadelphia Oct 2026,Philly Non-Sports - Show Name,philly non-sports vendors,Exact,Enabled
Show - Philly Non-Sports Philadelphia Oct 2026,Philly Non-Sports - Show Name,philly non-sports vendors,Phrase,Enabled
Show - Philly Non-Sports Philadelphia Oct 2026,Philly Non-Sports - Show Name,philly non-sports october,Exact,Enabled
Show - Philly Non-Sports Philadelphia Oct 2026,Philly Non-Sports - Show Name,philly non-sports october,Phrase,Enabled
Show - Philly Non-Sports Philadelphia Oct 2026,Philly Non-Sports - Philadelphia Card Show,card show philadelphia,Exact,Enabled
Show - Philly Non-Sports Philadelphia Oct 2026,Philly Non-Sports - Philadelphia Card Show,card show philadelphia,Phrase,Enabled
Show - Philly Non-Sports Philadelphia Oct 2026,Philly Non-Sports - Philadelphia Card Show,philadelphia card show,Exact,Enabled
Show - Philly Non-Sports Philadelphia Oct 2026,Philly Non-Sports - Philadelphia Card Show,philadelphia card show,Phrase,Enabled
Show - Philly Non-Sports Philadelphia Oct 2026,Philly Non-Sports - Philadelphia Card Show,philadelphia card show october,Exact,Enabled
Show - Philly Non-Sports Philadelphia Oct 2026,Philly Non-Sports - Philadelphia Card Show,philadelphia card show october,Phrase,Enabled
Show - Philly Non-Sports Philadelphia Oct 2026,Philly Non-Sports - Philadelphia Card Show,card show philadelphia this weekend,Exact,Enabled
Show - Philly Non-Sports Philadelphia Oct 2026,Philly Non-Sports - Philadelphia Card Show,card show philadelphia this weekend,Phrase,Enabled
Show - Philly Non-Sports Philadelphia Oct 2026,Philly Non-Sports - Philadelphia Card Show,card show near philadelphia,Exact,Enabled
Show - Philly Non-Sports Philadelphia Oct 2026,Philly Non-Sports - Philadelphia Card Show,card show near philadelphia,Phrase,Enabled
Show - Philly Non-Sports Philadelphia Oct 2026,Philly Non-Sports - Philadelphia Card Show,trading card show philadelphia,Exact,Enabled
Show - Philly Non-Sports Philadelphia Oct 2026,Philly Non-Sports - Philadelphia Card Show,trading card show philadelphia,Phrase,Enabled
Show - Philly Non-Sports Philadelphia Oct 2026,Philly Non-Sports - Philadelphia Card Show,philadelphia card convention,Exact,Enabled
Show - Philly Non-Sports Philadelphia Oct 2026,Philly Non-Sports - Philadelphia Card Show,philadelphia card convention,Phrase,Enabled
Show - Philly Non-Sports Philadelphia Oct 2026,Philly Non-Sports - Philadelphia Card Show,card shows in pennsylvania,Exact,Enabled
Show - Philly Non-Sports Philadelphia Oct 2026,Philly Non-Sports - Philadelphia Card Show,card shows in pennsylvania,Phrase,Enabled
Show - Philly Non-Sports Philadelphia Oct 2026,Philly Non-Sports - Philadelphia Card Show,pennsylvania card show 2026,Exact,Enabled
Show - Philly Non-Sports Philadelphia Oct 2026,Philly Non-Sports - Philadelphia Card Show,pennsylvania card show 2026,Phrase,Enabled
Show - Philly Non-Sports Philadelphia Oct 2026,Philly Non-Sports - Philadelphia Card Show,philadelphia sports card show,Exact,Enabled
Show - Philly Non-Sports Philadelphia Oct 2026,Philly Non-Sports - Philadelphia Card Show,philadelphia sports card show,Phrase,Enabled
Show - Philly Non-Sports Philadelphia Oct 2026,Philly Non-Sports - Philadelphia Card Show,sports card show philadelphia,Exact,Enabled
Show - Philly Non-Sports Philadelphia Oct 2026,Philly Non-Sports - Philadelphia Card Show,sports card show philadelphia,Phrase,Enabled
Show - Philly Non-Sports Philadelphia Oct 2026,Philly Non-Sports - Philadelphia Card Show,baseball card show philadelphia,Exact,Enabled
Show - Philly Non-Sports Philadelphia Oct 2026,Philly Non-Sports - Philadelphia Card Show,baseball card show philadelphia,Phrase,Enabled
Show - Philly Non-Sports Philadelphia Oct 2026,Philly Non-Sports - Philadelphia Card Show,football card show philadelphia,Exact,Enabled
Show - Philly Non-Sports Philadelphia Oct 2026,Philly Non-Sports - Philadelphia Card Show,football card show philadelphia,Phrase,Enabled
Show - Philly Non-Sports Philadelphia Oct 2026,Philly Non-Sports - Venue,greater philadelphia expo center card show,Exact,Enabled
Show - Philly Non-Sports Philadelphia Oct 2026,Philly Non-Sports - Venue,greater philadelphia expo center card show,Phrase,Enabled
Show - Philly Non-Sports Philadelphia Oct 2026,Philly Non-Sports - Venue,greater philadelphia expo center october 2026,Exact,Enabled
Show - Philly Non-Sports Philadelphia Oct 2026,Philly Non-Sports - Venue,greater philadelphia expo center october 2026,Phrase,Enabled
Show - Philly Non-Sports Philadelphia Oct 2026,Philly Non-Sports - Venue,greater philadelphia expo center events october,Exact,Enabled
Show - Philly Non-Sports Philadelphia Oct 2026,Philly Non-Sports - Venue,greater philadelphia expo center events october,Phrase,Enabled
Show - Philly Non-Sports Philadelphia Oct 2026,Philly Non-Sports - Venue,what is at greater philadelphia expo center this weekend,Exact,Enabled
Show - Philly Non-Sports Philadelphia Oct 2026,Philly Non-Sports - Venue,what is at greater philadelphia expo center this weekend,Phrase,Enabled
Show - NASH-IONAL Nashville Oct 2026,NASH-IONAL - Show Name,nash-ional nashville card show,Exact,Enabled
Show - NASH-IONAL Nashville Oct 2026,NASH-IONAL - Show Name,nash-ional nashville card show,Phrase,Enabled
Show - NASH-IONAL Nashville Oct 2026,NASH-IONAL - Show Name,nash-ional,Exact,Enabled
Show - NASH-IONAL Nashville Oct 2026,NASH-IONAL - Show Name,nash-ional,Phrase,Enabled
Show - NASH-IONAL Nashville Oct 2026,NASH-IONAL - Show Name,nash-ional 2026,Exact,Enabled
Show - NASH-IONAL Nashville Oct 2026,NASH-IONAL - Show Name,nash-ional 2026,Phrase,Enabled
Show - NASH-IONAL Nashville Oct 2026,NASH-IONAL - Show Name,nash-ional nashville,Exact,Enabled
Show - NASH-IONAL Nashville Oct 2026,NASH-IONAL - Show Name,nash-ional nashville,Phrase,Enabled
Show - NASH-IONAL Nashville Oct 2026,NASH-IONAL - Show Name,nash-ional card show,Exact,Enabled
Show - NASH-IONAL Nashville Oct 2026,NASH-IONAL - Show Name,nash-ional card show,Phrase,Enabled
Show - NASH-IONAL Nashville Oct 2026,NASH-IONAL - Show Name,nash-ional tickets,Exact,Enabled
Show - NASH-IONAL Nashville Oct 2026,NASH-IONAL - Show Name,nash-ional tickets,Phrase,Enabled
Show - NASH-IONAL Nashville Oct 2026,NASH-IONAL - Show Name,nash-ional dates,Exact,Enabled
Show - NASH-IONAL Nashville Oct 2026,NASH-IONAL - Show Name,nash-ional dates,Phrase,Enabled
Show - NASH-IONAL Nashville Oct 2026,NASH-IONAL - Show Name,nash-ional schedule,Exact,Enabled
Show - NASH-IONAL Nashville Oct 2026,NASH-IONAL - Show Name,nash-ional schedule,Phrase,Enabled
Show - NASH-IONAL Nashville Oct 2026,NASH-IONAL - Show Name,nash-ional hours,Exact,Enabled
Show - NASH-IONAL Nashville Oct 2026,NASH-IONAL - Show Name,nash-ional hours,Phrase,Enabled
Show - NASH-IONAL Nashville Oct 2026,NASH-IONAL - Show Name,nash-ional vendors,Exact,Enabled
Show - NASH-IONAL Nashville Oct 2026,NASH-IONAL - Show Name,nash-ional vendors,Phrase,Enabled
Show - NASH-IONAL Nashville Oct 2026,NASH-IONAL - Show Name,nash-ional october,Exact,Enabled
Show - NASH-IONAL Nashville Oct 2026,NASH-IONAL - Show Name,nash-ional october,Phrase,Enabled
Show - NASH-IONAL Nashville Oct 2026,NASH-IONAL - Nashville Card Show,card show nashville,Exact,Enabled
Show - NASH-IONAL Nashville Oct 2026,NASH-IONAL - Nashville Card Show,card show nashville,Phrase,Enabled
Show - NASH-IONAL Nashville Oct 2026,NASH-IONAL - Nashville Card Show,nashville card show,Exact,Enabled
Show - NASH-IONAL Nashville Oct 2026,NASH-IONAL - Nashville Card Show,nashville card show,Phrase,Enabled
Show - NASH-IONAL Nashville Oct 2026,NASH-IONAL - Nashville Card Show,nashville card show october,Exact,Enabled
Show - NASH-IONAL Nashville Oct 2026,NASH-IONAL - Nashville Card Show,nashville card show october,Phrase,Enabled
Show - NASH-IONAL Nashville Oct 2026,NASH-IONAL - Nashville Card Show,card show nashville this weekend,Exact,Enabled
Show - NASH-IONAL Nashville Oct 2026,NASH-IONAL - Nashville Card Show,card show nashville this weekend,Phrase,Enabled
Show - NASH-IONAL Nashville Oct 2026,NASH-IONAL - Nashville Card Show,card show near nashville,Exact,Enabled
Show - NASH-IONAL Nashville Oct 2026,NASH-IONAL - Nashville Card Show,card show near nashville,Phrase,Enabled
Show - NASH-IONAL Nashville Oct 2026,NASH-IONAL - Nashville Card Show,trading card show nashville,Exact,Enabled
Show - NASH-IONAL Nashville Oct 2026,NASH-IONAL - Nashville Card Show,trading card show nashville,Phrase,Enabled
Show - NASH-IONAL Nashville Oct 2026,NASH-IONAL - Nashville Card Show,nashville card convention,Exact,Enabled
Show - NASH-IONAL Nashville Oct 2026,NASH-IONAL - Nashville Card Show,nashville card convention,Phrase,Enabled
Show - NASH-IONAL Nashville Oct 2026,NASH-IONAL - Nashville Card Show,card shows in tennessee,Exact,Enabled
Show - NASH-IONAL Nashville Oct 2026,NASH-IONAL - Nashville Card Show,card shows in tennessee,Phrase,Enabled
Show - NASH-IONAL Nashville Oct 2026,NASH-IONAL - Nashville Card Show,tennessee card show 2026,Exact,Enabled
Show - NASH-IONAL Nashville Oct 2026,NASH-IONAL - Nashville Card Show,tennessee card show 2026,Phrase,Enabled
Show - NASH-IONAL Nashville Oct 2026,NASH-IONAL - Nashville Card Show,nashville sports card show,Exact,Enabled
Show - NASH-IONAL Nashville Oct 2026,NASH-IONAL - Nashville Card Show,nashville sports card show,Phrase,Enabled
Show - NASH-IONAL Nashville Oct 2026,NASH-IONAL - Nashville Card Show,sports card show nashville,Exact,Enabled
Show - NASH-IONAL Nashville Oct 2026,NASH-IONAL - Nashville Card Show,sports card show nashville,Phrase,Enabled
Show - NASH-IONAL Nashville Oct 2026,NASH-IONAL - Nashville Card Show,baseball card show nashville,Exact,Enabled
Show - NASH-IONAL Nashville Oct 2026,NASH-IONAL - Nashville Card Show,baseball card show nashville,Phrase,Enabled
Show - NASH-IONAL Nashville Oct 2026,NASH-IONAL - Nashville Card Show,football card show nashville,Exact,Enabled
Show - NASH-IONAL Nashville Oct 2026,NASH-IONAL - Nashville Card Show,football card show nashville,Phrase,Enabled
Show - NASH-IONAL Nashville Oct 2026,NASH-IONAL - Venue,the fairgrounds nashville card show,Exact,Enabled
Show - NASH-IONAL Nashville Oct 2026,NASH-IONAL - Venue,the fairgrounds nashville card show,Phrase,Enabled
Show - NASH-IONAL Nashville Oct 2026,NASH-IONAL - Venue,the fairgrounds nashville october 2026,Exact,Enabled
Show - NASH-IONAL Nashville Oct 2026,NASH-IONAL - Venue,the fairgrounds nashville october 2026,Phrase,Enabled
Show - NASH-IONAL Nashville Oct 2026,NASH-IONAL - Venue,the fairgrounds nashville events october,Exact,Enabled
Show - NASH-IONAL Nashville Oct 2026,NASH-IONAL - Venue,the fairgrounds nashville events october,Phrase,Enabled
Show - NASH-IONAL Nashville Oct 2026,NASH-IONAL - Venue,what is at the fairgrounds nashville this weekend,Exact,Enabled
Show - NASH-IONAL Nashville Oct 2026,NASH-IONAL - Venue,what is at the fairgrounds nashville this weekend,Phrase,Enabled
Show - Collect-A-Con Houston Nov 2026,Collect-A-Con Houston - Show Name,collect-a-con houston,Exact,Enabled
Show - Collect-A-Con Houston Nov 2026,Collect-A-Con Houston - Show Name,collect-a-con houston,Phrase,Enabled
Show - Collect-A-Con Houston Nov 2026,Collect-A-Con Houston - Show Name,collect-a-con houston 2026,Exact,Enabled
Show - Collect-A-Con Houston Nov 2026,Collect-A-Con Houston - Show Name,collect-a-con houston 2026,Phrase,Enabled
Show - Collect-A-Con Houston Nov 2026,Collect-A-Con Houston - Show Name,collect-a-con houston houston,Exact,Enabled
Show - Collect-A-Con Houston Nov 2026,Collect-A-Con Houston - Show Name,collect-a-con houston houston,Phrase,Enabled
Show - Collect-A-Con Houston Nov 2026,Collect-A-Con Houston - Show Name,collect-a-con houston card show,Exact,Enabled
Show - Collect-A-Con Houston Nov 2026,Collect-A-Con Houston - Show Name,collect-a-con houston card show,Phrase,Enabled
Show - Collect-A-Con Houston Nov 2026,Collect-A-Con Houston - Show Name,collect-a-con houston tickets,Exact,Enabled
Show - Collect-A-Con Houston Nov 2026,Collect-A-Con Houston - Show Name,collect-a-con houston tickets,Phrase,Enabled
Show - Collect-A-Con Houston Nov 2026,Collect-A-Con Houston - Show Name,collect-a-con houston dates,Exact,Enabled
Show - Collect-A-Con Houston Nov 2026,Collect-A-Con Houston - Show Name,collect-a-con houston dates,Phrase,Enabled
Show - Collect-A-Con Houston Nov 2026,Collect-A-Con Houston - Show Name,collect-a-con houston schedule,Exact,Enabled
Show - Collect-A-Con Houston Nov 2026,Collect-A-Con Houston - Show Name,collect-a-con houston schedule,Phrase,Enabled
Show - Collect-A-Con Houston Nov 2026,Collect-A-Con Houston - Show Name,collect-a-con houston hours,Exact,Enabled
Show - Collect-A-Con Houston Nov 2026,Collect-A-Con Houston - Show Name,collect-a-con houston hours,Phrase,Enabled
Show - Collect-A-Con Houston Nov 2026,Collect-A-Con Houston - Show Name,collect-a-con houston vendors,Exact,Enabled
Show - Collect-A-Con Houston Nov 2026,Collect-A-Con Houston - Show Name,collect-a-con houston vendors,Phrase,Enabled
Show - Collect-A-Con Houston Nov 2026,Collect-A-Con Houston - Show Name,collect-a-con houston november,Exact,Enabled
Show - Collect-A-Con Houston Nov 2026,Collect-A-Con Houston - Show Name,collect-a-con houston november,Phrase,Enabled
Show - Collect-A-Con Houston Nov 2026,Collect-A-Con Houston - Houston Card Show,card show houston,Exact,Enabled
Show - Collect-A-Con Houston Nov 2026,Collect-A-Con Houston - Houston Card Show,card show houston,Phrase,Enabled
Show - Collect-A-Con Houston Nov 2026,Collect-A-Con Houston - Houston Card Show,houston card show,Exact,Enabled
Show - Collect-A-Con Houston Nov 2026,Collect-A-Con Houston - Houston Card Show,houston card show,Phrase,Enabled
Show - Collect-A-Con Houston Nov 2026,Collect-A-Con Houston - Houston Card Show,houston card show november,Exact,Enabled
Show - Collect-A-Con Houston Nov 2026,Collect-A-Con Houston - Houston Card Show,houston card show november,Phrase,Enabled
Show - Collect-A-Con Houston Nov 2026,Collect-A-Con Houston - Houston Card Show,card show houston this weekend,Exact,Enabled
Show - Collect-A-Con Houston Nov 2026,Collect-A-Con Houston - Houston Card Show,card show houston this weekend,Phrase,Enabled
Show - Collect-A-Con Houston Nov 2026,Collect-A-Con Houston - Houston Card Show,card show near houston,Exact,Enabled
Show - Collect-A-Con Houston Nov 2026,Collect-A-Con Houston - Houston Card Show,card show near houston,Phrase,Enabled
Show - Collect-A-Con Houston Nov 2026,Collect-A-Con Houston - Houston Card Show,trading card show houston,Exact,Enabled
Show - Collect-A-Con Houston Nov 2026,Collect-A-Con Houston - Houston Card Show,trading card show houston,Phrase,Enabled
Show - Collect-A-Con Houston Nov 2026,Collect-A-Con Houston - Houston Card Show,houston card convention,Exact,Enabled
Show - Collect-A-Con Houston Nov 2026,Collect-A-Con Houston - Houston Card Show,houston card convention,Phrase,Enabled
Show - Collect-A-Con Houston Nov 2026,Collect-A-Con Houston - Houston Card Show,card shows in texas,Exact,Enabled
Show - Collect-A-Con Houston Nov 2026,Collect-A-Con Houston - Houston Card Show,card shows in texas,Phrase,Enabled
Show - Collect-A-Con Houston Nov 2026,Collect-A-Con Houston - Houston Card Show,texas card show 2026,Exact,Enabled
Show - Collect-A-Con Houston Nov 2026,Collect-A-Con Houston - Houston Card Show,texas card show 2026,Phrase,Enabled
Show - Collect-A-Con Houston Nov 2026,Collect-A-Con Houston - Houston Card Show,houston pokemon card show,Exact,Enabled
Show - Collect-A-Con Houston Nov 2026,Collect-A-Con Houston - Houston Card Show,houston pokemon card show,Phrase,Enabled
Show - Collect-A-Con Houston Nov 2026,Collect-A-Con Houston - Houston Card Show,pokemon card show houston,Exact,Enabled
Show - Collect-A-Con Houston Nov 2026,Collect-A-Con Houston - Houston Card Show,pokemon card show houston,Phrase,Enabled
Show - Collect-A-Con Houston Nov 2026,Collect-A-Con Houston - Houston Card Show,houston tcg show,Exact,Enabled
Show - Collect-A-Con Houston Nov 2026,Collect-A-Con Houston - Houston Card Show,houston tcg show,Phrase,Enabled
Show - Collect-A-Con Houston Nov 2026,Collect-A-Con Houston - Houston Card Show,pokemon event houston,Exact,Enabled
Show - Collect-A-Con Houston Nov 2026,Collect-A-Con Houston - Houston Card Show,pokemon event houston,Phrase,Enabled
Show - Collect-A-Con Houston Nov 2026,Collect-A-Con Houston - Venue,nrg center card show,Exact,Enabled
Show - Collect-A-Con Houston Nov 2026,Collect-A-Con Houston - Venue,nrg center card show,Phrase,Enabled
Show - Collect-A-Con Houston Nov 2026,Collect-A-Con Houston - Venue,nrg center november 2026,Exact,Enabled
Show - Collect-A-Con Houston Nov 2026,Collect-A-Con Houston - Venue,nrg center november 2026,Phrase,Enabled
Show - Collect-A-Con Houston Nov 2026,Collect-A-Con Houston - Venue,nrg center events november,Exact,Enabled
Show - Collect-A-Con Houston Nov 2026,Collect-A-Con Houston - Venue,nrg center events november,Phrase,Enabled
Show - Collect-A-Con Houston Nov 2026,Collect-A-Con Houston - Venue,what is at nrg center this weekend,Exact,Enabled
Show - Collect-A-Con Houston Nov 2026,Collect-A-Con Houston - Venue,what is at nrg center this weekend,Phrase,Enabled
Show - MagicCon Atlanta Nov 2026,MagicCon Atlanta - Show Name,magiccon atlanta,Exact,Enabled
Show - MagicCon Atlanta Nov 2026,MagicCon Atlanta - Show Name,magiccon atlanta,Phrase,Enabled
Show - MagicCon Atlanta Nov 2026,MagicCon Atlanta - Show Name,magiccon atlanta 2026,Exact,Enabled
Show - MagicCon Atlanta Nov 2026,MagicCon Atlanta - Show Name,magiccon atlanta 2026,Phrase,Enabled
Show - MagicCon Atlanta Nov 2026,MagicCon Atlanta - Show Name,magiccon atlanta atlanta,Exact,Enabled
Show - MagicCon Atlanta Nov 2026,MagicCon Atlanta - Show Name,magiccon atlanta atlanta,Phrase,Enabled
Show - MagicCon Atlanta Nov 2026,MagicCon Atlanta - Show Name,magiccon atlanta card show,Exact,Enabled
Show - MagicCon Atlanta Nov 2026,MagicCon Atlanta - Show Name,magiccon atlanta card show,Phrase,Enabled
Show - MagicCon Atlanta Nov 2026,MagicCon Atlanta - Show Name,magiccon atlanta tickets,Exact,Enabled
Show - MagicCon Atlanta Nov 2026,MagicCon Atlanta - Show Name,magiccon atlanta tickets,Phrase,Enabled
Show - MagicCon Atlanta Nov 2026,MagicCon Atlanta - Show Name,magiccon atlanta dates,Exact,Enabled
Show - MagicCon Atlanta Nov 2026,MagicCon Atlanta - Show Name,magiccon atlanta dates,Phrase,Enabled
Show - MagicCon Atlanta Nov 2026,MagicCon Atlanta - Show Name,magiccon atlanta schedule,Exact,Enabled
Show - MagicCon Atlanta Nov 2026,MagicCon Atlanta - Show Name,magiccon atlanta schedule,Phrase,Enabled
Show - MagicCon Atlanta Nov 2026,MagicCon Atlanta - Show Name,magiccon atlanta hours,Exact,Enabled
Show - MagicCon Atlanta Nov 2026,MagicCon Atlanta - Show Name,magiccon atlanta hours,Phrase,Enabled
Show - MagicCon Atlanta Nov 2026,MagicCon Atlanta - Show Name,magiccon atlanta vendors,Exact,Enabled
Show - MagicCon Atlanta Nov 2026,MagicCon Atlanta - Show Name,magiccon atlanta vendors,Phrase,Enabled
Show - MagicCon Atlanta Nov 2026,MagicCon Atlanta - Show Name,magiccon atlanta november,Exact,Enabled
Show - MagicCon Atlanta Nov 2026,MagicCon Atlanta - Show Name,magiccon atlanta november,Phrase,Enabled
Show - MagicCon Atlanta Nov 2026,MagicCon Atlanta - Atlanta Card Show,card show atlanta,Exact,Enabled
Show - MagicCon Atlanta Nov 2026,MagicCon Atlanta - Atlanta Card Show,card show atlanta,Phrase,Enabled
Show - MagicCon Atlanta Nov 2026,MagicCon Atlanta - Atlanta Card Show,atlanta card show,Exact,Enabled
Show - MagicCon Atlanta Nov 2026,MagicCon Atlanta - Atlanta Card Show,atlanta card show,Phrase,Enabled
Show - MagicCon Atlanta Nov 2026,MagicCon Atlanta - Atlanta Card Show,atlanta card show november,Exact,Enabled
Show - MagicCon Atlanta Nov 2026,MagicCon Atlanta - Atlanta Card Show,atlanta card show november,Phrase,Enabled
Show - MagicCon Atlanta Nov 2026,MagicCon Atlanta - Atlanta Card Show,card show atlanta this weekend,Exact,Enabled
Show - MagicCon Atlanta Nov 2026,MagicCon Atlanta - Atlanta Card Show,card show atlanta this weekend,Phrase,Enabled
Show - MagicCon Atlanta Nov 2026,MagicCon Atlanta - Atlanta Card Show,card show near atlanta,Exact,Enabled
Show - MagicCon Atlanta Nov 2026,MagicCon Atlanta - Atlanta Card Show,card show near atlanta,Phrase,Enabled
Show - MagicCon Atlanta Nov 2026,MagicCon Atlanta - Atlanta Card Show,trading card show atlanta,Exact,Enabled
Show - MagicCon Atlanta Nov 2026,MagicCon Atlanta - Atlanta Card Show,trading card show atlanta,Phrase,Enabled
Show - MagicCon Atlanta Nov 2026,MagicCon Atlanta - Atlanta Card Show,atlanta card convention,Exact,Enabled
Show - MagicCon Atlanta Nov 2026,MagicCon Atlanta - Atlanta Card Show,atlanta card convention,Phrase,Enabled
Show - MagicCon Atlanta Nov 2026,MagicCon Atlanta - Atlanta Card Show,card shows in georgia,Exact,Enabled
Show - MagicCon Atlanta Nov 2026,MagicCon Atlanta - Atlanta Card Show,card shows in georgia,Phrase,Enabled
Show - MagicCon Atlanta Nov 2026,MagicCon Atlanta - Atlanta Card Show,georgia card show 2026,Exact,Enabled
Show - MagicCon Atlanta Nov 2026,MagicCon Atlanta - Atlanta Card Show,georgia card show 2026,Phrase,Enabled
Show - MagicCon Atlanta Nov 2026,MagicCon Atlanta - Atlanta Card Show,atlanta pokemon card show,Exact,Enabled
Show - MagicCon Atlanta Nov 2026,MagicCon Atlanta - Atlanta Card Show,atlanta pokemon card show,Phrase,Enabled
Show - MagicCon Atlanta Nov 2026,MagicCon Atlanta - Atlanta Card Show,pokemon card show atlanta,Exact,Enabled
Show - MagicCon Atlanta Nov 2026,MagicCon Atlanta - Atlanta Card Show,pokemon card show atlanta,Phrase,Enabled
Show - MagicCon Atlanta Nov 2026,MagicCon Atlanta - Atlanta Card Show,atlanta tcg show,Exact,Enabled
Show - MagicCon Atlanta Nov 2026,MagicCon Atlanta - Atlanta Card Show,atlanta tcg show,Phrase,Enabled
Show - MagicCon Atlanta Nov 2026,MagicCon Atlanta - Atlanta Card Show,pokemon event atlanta,Exact,Enabled
Show - MagicCon Atlanta Nov 2026,MagicCon Atlanta - Atlanta Card Show,pokemon event atlanta,Phrase,Enabled
Show - MagicCon Atlanta Nov 2026,MagicCon Atlanta - Atlanta Card Show,magiccon atlanta,Exact,Enabled
Show - MagicCon Atlanta Nov 2026,MagicCon Atlanta - Atlanta Card Show,magiccon atlanta,Phrase,Enabled
Show - MagicCon Atlanta Nov 2026,MagicCon Atlanta - Atlanta Card Show,mtg event atlanta,Exact,Enabled
Show - MagicCon Atlanta Nov 2026,MagicCon Atlanta - Atlanta Card Show,mtg event atlanta,Phrase,Enabled
Show - MagicCon Atlanta Nov 2026,MagicCon Atlanta - Atlanta Card Show,magic the gathering convention atlanta,Exact,Enabled
Show - MagicCon Atlanta Nov 2026,MagicCon Atlanta - Atlanta Card Show,magic the gathering convention atlanta,Phrase,Enabled
Show - MagicCon Atlanta Nov 2026,MagicCon Atlanta - Venue,georgia world congress center building c card show,Exact,Enabled
Show - MagicCon Atlanta Nov 2026,MagicCon Atlanta - Venue,georgia world congress center building c card show,Phrase,Enabled
Show - MagicCon Atlanta Nov 2026,MagicCon Atlanta - Venue,georgia world congress center building c november 2026,Exact,Enabled
Show - MagicCon Atlanta Nov 2026,MagicCon Atlanta - Venue,georgia world congress center building c november 2026,Phrase,Enabled
Show - MagicCon Atlanta Nov 2026,MagicCon Atlanta - Venue,georgia world congress center building c events november,Exact,Enabled
Show - MagicCon Atlanta Nov 2026,MagicCon Atlanta - Venue,georgia world congress center building c events november,Phrase,Enabled
Show - MagicCon Atlanta Nov 2026,MagicCon Atlanta - Venue,what is at georgia world congress center building c this weekend,Exact,Enabled
Show - MagicCon Atlanta Nov 2026,MagicCon Atlanta - Venue,what is at georgia world congress center building c this weekend,Phrase,Enabled
Show - Sports Spectacular Chicago Nov 2026,Sports Spectacular - Show Name,chicago sports spectacular,Exact,Enabled
Show - Sports Spectacular Chicago Nov 2026,Sports Spectacular - Show Name,chicago sports spectacular,Phrase,Enabled
Show - Sports Spectacular Chicago Nov 2026,Sports Spectacular - Show Name,sports spectacular,Exact,Enabled
Show - Sports Spectacular Chicago Nov 2026,Sports Spectacular - Show Name,sports spectacular,Phrase,Enabled
Show - Sports Spectacular Chicago Nov 2026,Sports Spectacular - Show Name,sports spectacular 2026,Exact,Enabled
Show - Sports Spectacular Chicago Nov 2026,Sports Spectacular - Show Name,sports spectacular 2026,Phrase,Enabled
Show - Sports Spectacular Chicago Nov 2026,Sports Spectacular - Show Name,sports spectacular chicago,Exact,Enabled
Show - Sports Spectacular Chicago Nov 2026,Sports Spectacular - Show Name,sports spectacular chicago,Phrase,Enabled
Show - Sports Spectacular Chicago Nov 2026,Sports Spectacular - Show Name,sports spectacular card show,Exact,Enabled
Show - Sports Spectacular Chicago Nov 2026,Sports Spectacular - Show Name,sports spectacular card show,Phrase,Enabled
Show - Sports Spectacular Chicago Nov 2026,Sports Spectacular - Show Name,sports spectacular tickets,Exact,Enabled
Show - Sports Spectacular Chicago Nov 2026,Sports Spectacular - Show Name,sports spectacular tickets,Phrase,Enabled
Show - Sports Spectacular Chicago Nov 2026,Sports Spectacular - Show Name,sports spectacular dates,Exact,Enabled
Show - Sports Spectacular Chicago Nov 2026,Sports Spectacular - Show Name,sports spectacular dates,Phrase,Enabled
Show - Sports Spectacular Chicago Nov 2026,Sports Spectacular - Show Name,sports spectacular schedule,Exact,Enabled
Show - Sports Spectacular Chicago Nov 2026,Sports Spectacular - Show Name,sports spectacular schedule,Phrase,Enabled
Show - Sports Spectacular Chicago Nov 2026,Sports Spectacular - Show Name,sports spectacular hours,Exact,Enabled
Show - Sports Spectacular Chicago Nov 2026,Sports Spectacular - Show Name,sports spectacular hours,Phrase,Enabled
Show - Sports Spectacular Chicago Nov 2026,Sports Spectacular - Show Name,sports spectacular vendors,Exact,Enabled
Show - Sports Spectacular Chicago Nov 2026,Sports Spectacular - Show Name,sports spectacular vendors,Phrase,Enabled
Show - Sports Spectacular Chicago Nov 2026,Sports Spectacular - Show Name,sports spectacular november,Exact,Enabled
Show - Sports Spectacular Chicago Nov 2026,Sports Spectacular - Show Name,sports spectacular november,Phrase,Enabled
Show - Sports Spectacular Chicago Nov 2026,Sports Spectacular - Chicago Card Show,card show chicago,Exact,Enabled
Show - Sports Spectacular Chicago Nov 2026,Sports Spectacular - Chicago Card Show,card show chicago,Phrase,Enabled
Show - Sports Spectacular Chicago Nov 2026,Sports Spectacular - Chicago Card Show,chicago card show,Exact,Enabled
Show - Sports Spectacular Chicago Nov 2026,Sports Spectacular - Chicago Card Show,chicago card show,Phrase,Enabled
Show - Sports Spectacular Chicago Nov 2026,Sports Spectacular - Chicago Card Show,chicago card show november,Exact,Enabled
Show - Sports Spectacular Chicago Nov 2026,Sports Spectacular - Chicago Card Show,chicago card show november,Phrase,Enabled
Show - Sports Spectacular Chicago Nov 2026,Sports Spectacular - Chicago Card Show,card show chicago this weekend,Exact,Enabled
Show - Sports Spectacular Chicago Nov 2026,Sports Spectacular - Chicago Card Show,card show chicago this weekend,Phrase,Enabled
Show - Sports Spectacular Chicago Nov 2026,Sports Spectacular - Chicago Card Show,card show near chicago,Exact,Enabled
Show - Sports Spectacular Chicago Nov 2026,Sports Spectacular - Chicago Card Show,card show near chicago,Phrase,Enabled
Show - Sports Spectacular Chicago Nov 2026,Sports Spectacular - Chicago Card Show,trading card show chicago,Exact,Enabled
Show - Sports Spectacular Chicago Nov 2026,Sports Spectacular - Chicago Card Show,trading card show chicago,Phrase,Enabled
Show - Sports Spectacular Chicago Nov 2026,Sports Spectacular - Chicago Card Show,chicago card convention,Exact,Enabled
Show - Sports Spectacular Chicago Nov 2026,Sports Spectacular - Chicago Card Show,chicago card convention,Phrase,Enabled
Show - Sports Spectacular Chicago Nov 2026,Sports Spectacular - Chicago Card Show,card shows in illinois,Exact,Enabled
Show - Sports Spectacular Chicago Nov 2026,Sports Spectacular - Chicago Card Show,card shows in illinois,Phrase,Enabled
Show - Sports Spectacular Chicago Nov 2026,Sports Spectacular - Chicago Card Show,illinois card show 2026,Exact,Enabled
Show - Sports Spectacular Chicago Nov 2026,Sports Spectacular - Chicago Card Show,illinois card show 2026,Phrase,Enabled
Show - Sports Spectacular Chicago Nov 2026,Sports Spectacular - Chicago Card Show,chicago sports card show,Exact,Enabled
Show - Sports Spectacular Chicago Nov 2026,Sports Spectacular - Chicago Card Show,chicago sports card show,Phrase,Enabled
Show - Sports Spectacular Chicago Nov 2026,Sports Spectacular - Chicago Card Show,sports card show chicago,Exact,Enabled
Show - Sports Spectacular Chicago Nov 2026,Sports Spectacular - Chicago Card Show,sports card show chicago,Phrase,Enabled
Show - Sports Spectacular Chicago Nov 2026,Sports Spectacular - Chicago Card Show,baseball card show chicago,Exact,Enabled
Show - Sports Spectacular Chicago Nov 2026,Sports Spectacular - Chicago Card Show,baseball card show chicago,Phrase,Enabled
Show - Sports Spectacular Chicago Nov 2026,Sports Spectacular - Chicago Card Show,football card show chicago,Exact,Enabled
Show - Sports Spectacular Chicago Nov 2026,Sports Spectacular - Chicago Card Show,football card show chicago,Phrase,Enabled
Show - Sports Spectacular Chicago Nov 2026,Sports Spectacular - Venue,donald e stephens convention center card show,Exact,Enabled
Show - Sports Spectacular Chicago Nov 2026,Sports Spectacular - Venue,donald e stephens convention center card show,Phrase,Enabled
Show - Sports Spectacular Chicago Nov 2026,Sports Spectacular - Venue,donald e stephens convention center november 2026,Exact,Enabled
Show - Sports Spectacular Chicago Nov 2026,Sports Spectacular - Venue,donald e stephens convention center november 2026,Phrase,Enabled
Show - Sports Spectacular Chicago Nov 2026,Sports Spectacular - Venue,donald e stephens convention center events november,Exact,Enabled
Show - Sports Spectacular Chicago Nov 2026,Sports Spectacular - Venue,donald e stephens convention center events november,Phrase,Enabled
Show - Sports Spectacular Chicago Nov 2026,Sports Spectacular - Venue,what is at donald e stephens convention center this weekend,Exact,Enabled
Show - Sports Spectacular Chicago Nov 2026,Sports Spectacular - Venue,what is at donald e stephens convention center this weekend,Phrase,Enabled
Show - Collect-A-Con NJ New Jersey Nov 2026,Collect-A-Con NJ - Show Name,collect-a-con new jersey,Exact,Enabled
Show - Collect-A-Con NJ New Jersey Nov 2026,Collect-A-Con NJ - Show Name,collect-a-con new jersey,Phrase,Enabled
Show - Collect-A-Con NJ New Jersey Nov 2026,Collect-A-Con NJ - Show Name,collect-a-con nj,Exact,Enabled
Show - Collect-A-Con NJ New Jersey Nov 2026,Collect-A-Con NJ - Show Name,collect-a-con nj,Phrase,Enabled
Show - Collect-A-Con NJ New Jersey Nov 2026,Collect-A-Con NJ - Show Name,collect-a-con nj 2026,Exact,Enabled
Show - Collect-A-Con NJ New Jersey Nov 2026,Collect-A-Con NJ - Show Name,collect-a-con nj 2026,Phrase,Enabled
Show - Collect-A-Con NJ New Jersey Nov 2026,Collect-A-Con NJ - Show Name,collect-a-con nj new jersey,Exact,Enabled
Show - Collect-A-Con NJ New Jersey Nov 2026,Collect-A-Con NJ - Show Name,collect-a-con nj new jersey,Phrase,Enabled
Show - Collect-A-Con NJ New Jersey Nov 2026,Collect-A-Con NJ - Show Name,collect-a-con nj card show,Exact,Enabled
Show - Collect-A-Con NJ New Jersey Nov 2026,Collect-A-Con NJ - Show Name,collect-a-con nj card show,Phrase,Enabled
Show - Collect-A-Con NJ New Jersey Nov 2026,Collect-A-Con NJ - Show Name,collect-a-con nj tickets,Exact,Enabled
Show - Collect-A-Con NJ New Jersey Nov 2026,Collect-A-Con NJ - Show Name,collect-a-con nj tickets,Phrase,Enabled
Show - Collect-A-Con NJ New Jersey Nov 2026,Collect-A-Con NJ - Show Name,collect-a-con nj dates,Exact,Enabled
Show - Collect-A-Con NJ New Jersey Nov 2026,Collect-A-Con NJ - Show Name,collect-a-con nj dates,Phrase,Enabled
Show - Collect-A-Con NJ New Jersey Nov 2026,Collect-A-Con NJ - Show Name,collect-a-con nj schedule,Exact,Enabled
Show - Collect-A-Con NJ New Jersey Nov 2026,Collect-A-Con NJ - Show Name,collect-a-con nj schedule,Phrase,Enabled
Show - Collect-A-Con NJ New Jersey Nov 2026,Collect-A-Con NJ - Show Name,collect-a-con nj hours,Exact,Enabled
Show - Collect-A-Con NJ New Jersey Nov 2026,Collect-A-Con NJ - Show Name,collect-a-con nj hours,Phrase,Enabled
Show - Collect-A-Con NJ New Jersey Nov 2026,Collect-A-Con NJ - Show Name,collect-a-con nj vendors,Exact,Enabled
Show - Collect-A-Con NJ New Jersey Nov 2026,Collect-A-Con NJ - Show Name,collect-a-con nj vendors,Phrase,Enabled
Show - Collect-A-Con NJ New Jersey Nov 2026,Collect-A-Con NJ - Show Name,collect-a-con nj november,Exact,Enabled
Show - Collect-A-Con NJ New Jersey Nov 2026,Collect-A-Con NJ - Show Name,collect-a-con nj november,Phrase,Enabled
Show - Collect-A-Con NJ New Jersey Nov 2026,Collect-A-Con NJ - New Jersey Card Show,card show new jersey,Exact,Enabled
Show - Collect-A-Con NJ New Jersey Nov 2026,Collect-A-Con NJ - New Jersey Card Show,card show new jersey,Phrase,Enabled
Show - Collect-A-Con NJ New Jersey Nov 2026,Collect-A-Con NJ - New Jersey Card Show,new jersey card show,Exact,Enabled
Show - Collect-A-Con NJ New Jersey Nov 2026,Collect-A-Con NJ - New Jersey Card Show,new jersey card show,Phrase,Enabled
Show - Collect-A-Con NJ New Jersey Nov 2026,Collect-A-Con NJ - New Jersey Card Show,new jersey card show november,Exact,Enabled
Show - Collect-A-Con NJ New Jersey Nov 2026,Collect-A-Con NJ - New Jersey Card Show,new jersey card show november,Phrase,Enabled
Show - Collect-A-Con NJ New Jersey Nov 2026,Collect-A-Con NJ - New Jersey Card Show,card show new jersey this weekend,Exact,Enabled
Show - Collect-A-Con NJ New Jersey Nov 2026,Collect-A-Con NJ - New Jersey Card Show,card show new jersey this weekend,Phrase,Enabled
Show - Collect-A-Con NJ New Jersey Nov 2026,Collect-A-Con NJ - New Jersey Card Show,card show near new jersey,Exact,Enabled
Show - Collect-A-Con NJ New Jersey Nov 2026,Collect-A-Con NJ - New Jersey Card Show,card show near new jersey,Phrase,Enabled
Show - Collect-A-Con NJ New Jersey Nov 2026,Collect-A-Con NJ - New Jersey Card Show,trading card show new jersey,Exact,Enabled
Show - Collect-A-Con NJ New Jersey Nov 2026,Collect-A-Con NJ - New Jersey Card Show,trading card show new jersey,Phrase,Enabled
Show - Collect-A-Con NJ New Jersey Nov 2026,Collect-A-Con NJ - New Jersey Card Show,new jersey card convention,Exact,Enabled
Show - Collect-A-Con NJ New Jersey Nov 2026,Collect-A-Con NJ - New Jersey Card Show,new jersey card convention,Phrase,Enabled
Show - Collect-A-Con NJ New Jersey Nov 2026,Collect-A-Con NJ - New Jersey Card Show,card shows in new jersey,Exact,Enabled
Show - Collect-A-Con NJ New Jersey Nov 2026,Collect-A-Con NJ - New Jersey Card Show,card shows in new jersey,Phrase,Enabled
Show - Collect-A-Con NJ New Jersey Nov 2026,Collect-A-Con NJ - New Jersey Card Show,new jersey card show 2026,Exact,Enabled
Show - Collect-A-Con NJ New Jersey Nov 2026,Collect-A-Con NJ - New Jersey Card Show,new jersey card show 2026,Phrase,Enabled
Show - Collect-A-Con NJ New Jersey Nov 2026,Collect-A-Con NJ - New Jersey Card Show,new jersey pokemon card show,Exact,Enabled
Show - Collect-A-Con NJ New Jersey Nov 2026,Collect-A-Con NJ - New Jersey Card Show,new jersey pokemon card show,Phrase,Enabled
Show - Collect-A-Con NJ New Jersey Nov 2026,Collect-A-Con NJ - New Jersey Card Show,pokemon card show new jersey,Exact,Enabled
Show - Collect-A-Con NJ New Jersey Nov 2026,Collect-A-Con NJ - New Jersey Card Show,pokemon card show new jersey,Phrase,Enabled
Show - Collect-A-Con NJ New Jersey Nov 2026,Collect-A-Con NJ - New Jersey Card Show,new jersey tcg show,Exact,Enabled
Show - Collect-A-Con NJ New Jersey Nov 2026,Collect-A-Con NJ - New Jersey Card Show,new jersey tcg show,Phrase,Enabled
Show - Collect-A-Con NJ New Jersey Nov 2026,Collect-A-Con NJ - New Jersey Card Show,pokemon event new jersey,Exact,Enabled
Show - Collect-A-Con NJ New Jersey Nov 2026,Collect-A-Con NJ - New Jersey Card Show,pokemon event new jersey,Phrase,Enabled
Show - Collect-A-Con NJ New Jersey Nov 2026,Collect-A-Con NJ - Venue,new jersey convention card show,Exact,Enabled
Show - Collect-A-Con NJ New Jersey Nov 2026,Collect-A-Con NJ - Venue,new jersey convention card show,Phrase,Enabled
Show - Collect-A-Con NJ New Jersey Nov 2026,Collect-A-Con NJ - Venue,new jersey convention november 2026,Exact,Enabled
Show - Collect-A-Con NJ New Jersey Nov 2026,Collect-A-Con NJ - Venue,new jersey convention november 2026,Phrase,Enabled
Show - Collect-A-Con NJ New Jersey Nov 2026,Collect-A-Con NJ - Venue,new jersey convention events november,Exact,Enabled
Show - Collect-A-Con NJ New Jersey Nov 2026,Collect-A-Con NJ - Venue,new jersey convention events november,Phrase,Enabled
Show - Collect-A-Con NJ New Jersey Nov 2026,Collect-A-Con NJ - Venue,what is at new jersey convention this weekend,Exact,Enabled
Show - Collect-A-Con NJ New Jersey Nov 2026,Collect-A-Con NJ - Venue,what is at new jersey convention this weekend,Phrase,Enabled
Show - Northeast Card Expo Boston Nov 2026,Northeast Card Expo - Show Name,northeast sports card expo,Exact,Enabled
Show - Northeast Card Expo Boston Nov 2026,Northeast Card Expo - Show Name,northeast sports card expo,Phrase,Enabled
Show - Northeast Card Expo Boston Nov 2026,Northeast Card Expo - Show Name,northeast card expo,Exact,Enabled
Show - Northeast Card Expo Boston Nov 2026,Northeast Card Expo - Show Name,northeast card expo,Phrase,Enabled
Show - Northeast Card Expo Boston Nov 2026,Northeast Card Expo - Show Name,northeast card expo 2026,Exact,Enabled
Show - Northeast Card Expo Boston Nov 2026,Northeast Card Expo - Show Name,northeast card expo 2026,Phrase,Enabled
Show - Northeast Card Expo Boston Nov 2026,Northeast Card Expo - Show Name,northeast card expo boston,Exact,Enabled
Show - Northeast Card Expo Boston Nov 2026,Northeast Card Expo - Show Name,northeast card expo boston,Phrase,Enabled
Show - Northeast Card Expo Boston Nov 2026,Northeast Card Expo - Show Name,northeast card expo card show,Exact,Enabled
Show - Northeast Card Expo Boston Nov 2026,Northeast Card Expo - Show Name,northeast card expo card show,Phrase,Enabled
Show - Northeast Card Expo Boston Nov 2026,Northeast Card Expo - Show Name,northeast card expo tickets,Exact,Enabled
Show - Northeast Card Expo Boston Nov 2026,Northeast Card Expo - Show Name,northeast card expo tickets,Phrase,Enabled
Show - Northeast Card Expo Boston Nov 2026,Northeast Card Expo - Show Name,northeast card expo dates,Exact,Enabled
Show - Northeast Card Expo Boston Nov 2026,Northeast Card Expo - Show Name,northeast card expo dates,Phrase,Enabled
Show - Northeast Card Expo Boston Nov 2026,Northeast Card Expo - Show Name,northeast card expo schedule,Exact,Enabled
Show - Northeast Card Expo Boston Nov 2026,Northeast Card Expo - Show Name,northeast card expo schedule,Phrase,Enabled
Show - Northeast Card Expo Boston Nov 2026,Northeast Card Expo - Show Name,northeast card expo hours,Exact,Enabled
Show - Northeast Card Expo Boston Nov 2026,Northeast Card Expo - Show Name,northeast card expo hours,Phrase,Enabled
Show - Northeast Card Expo Boston Nov 2026,Northeast Card Expo - Show Name,northeast card expo vendors,Exact,Enabled
Show - Northeast Card Expo Boston Nov 2026,Northeast Card Expo - Show Name,northeast card expo vendors,Phrase,Enabled
Show - Northeast Card Expo Boston Nov 2026,Northeast Card Expo - Show Name,northeast card expo november,Exact,Enabled
Show - Northeast Card Expo Boston Nov 2026,Northeast Card Expo - Show Name,northeast card expo november,Phrase,Enabled
Show - Northeast Card Expo Boston Nov 2026,Northeast Card Expo - Boston Card Show,card show boston,Exact,Enabled
Show - Northeast Card Expo Boston Nov 2026,Northeast Card Expo - Boston Card Show,card show boston,Phrase,Enabled
Show - Northeast Card Expo Boston Nov 2026,Northeast Card Expo - Boston Card Show,boston card show,Exact,Enabled
Show - Northeast Card Expo Boston Nov 2026,Northeast Card Expo - Boston Card Show,boston card show,Phrase,Enabled
Show - Northeast Card Expo Boston Nov 2026,Northeast Card Expo - Boston Card Show,boston card show november,Exact,Enabled
Show - Northeast Card Expo Boston Nov 2026,Northeast Card Expo - Boston Card Show,boston card show november,Phrase,Enabled
Show - Northeast Card Expo Boston Nov 2026,Northeast Card Expo - Boston Card Show,card show boston this weekend,Exact,Enabled
Show - Northeast Card Expo Boston Nov 2026,Northeast Card Expo - Boston Card Show,card show boston this weekend,Phrase,Enabled
Show - Northeast Card Expo Boston Nov 2026,Northeast Card Expo - Boston Card Show,card show near boston,Exact,Enabled
Show - Northeast Card Expo Boston Nov 2026,Northeast Card Expo - Boston Card Show,card show near boston,Phrase,Enabled
Show - Northeast Card Expo Boston Nov 2026,Northeast Card Expo - Boston Card Show,trading card show boston,Exact,Enabled
Show - Northeast Card Expo Boston Nov 2026,Northeast Card Expo - Boston Card Show,trading card show boston,Phrase,Enabled
Show - Northeast Card Expo Boston Nov 2026,Northeast Card Expo - Boston Card Show,boston card convention,Exact,Enabled
Show - Northeast Card Expo Boston Nov 2026,Northeast Card Expo - Boston Card Show,boston card convention,Phrase,Enabled
Show - Northeast Card Expo Boston Nov 2026,Northeast Card Expo - Boston Card Show,card shows in massachusetts,Exact,Enabled
Show - Northeast Card Expo Boston Nov 2026,Northeast Card Expo - Boston Card Show,card shows in massachusetts,Phrase,Enabled
Show - Northeast Card Expo Boston Nov 2026,Northeast Card Expo - Boston Card Show,massachusetts card show 2026,Exact,Enabled
Show - Northeast Card Expo Boston Nov 2026,Northeast Card Expo - Boston Card Show,massachusetts card show 2026,Phrase,Enabled
Show - Northeast Card Expo Boston Nov 2026,Northeast Card Expo - Boston Card Show,boston sports card show,Exact,Enabled
Show - Northeast Card Expo Boston Nov 2026,Northeast Card Expo - Boston Card Show,boston sports card show,Phrase,Enabled
Show - Northeast Card Expo Boston Nov 2026,Northeast Card Expo - Boston Card Show,sports card show boston,Exact,Enabled
Show - Northeast Card Expo Boston Nov 2026,Northeast Card Expo - Boston Card Show,sports card show boston,Phrase,Enabled
Show - Northeast Card Expo Boston Nov 2026,Northeast Card Expo - Boston Card Show,baseball card show boston,Exact,Enabled
Show - Northeast Card Expo Boston Nov 2026,Northeast Card Expo - Boston Card Show,baseball card show boston,Phrase,Enabled
Show - Northeast Card Expo Boston Nov 2026,Northeast Card Expo - Boston Card Show,football card show boston,Exact,Enabled
Show - Northeast Card Expo Boston Nov 2026,Northeast Card Expo - Boston Card Show,football card show boston,Phrase,Enabled
Show - Northeast Card Expo Boston Nov 2026,Northeast Card Expo - Venue,marriott boston quincy card show,Exact,Enabled
Show - Northeast Card Expo Boston Nov 2026,Northeast Card Expo - Venue,marriott boston quincy card show,Phrase,Enabled
Show - Northeast Card Expo Boston Nov 2026,Northeast Card Expo - Venue,marriott boston quincy november 2026,Exact,Enabled
Show - Northeast Card Expo Boston Nov 2026,Northeast Card Expo - Venue,marriott boston quincy november 2026,Phrase,Enabled
Show - Northeast Card Expo Boston Nov 2026,Northeast Card Expo - Venue,marriott boston quincy events november,Exact,Enabled
Show - Northeast Card Expo Boston Nov 2026,Northeast Card Expo - Venue,marriott boston quincy events november,Phrase,Enabled
Show - Northeast Card Expo Boston Nov 2026,Northeast Card Expo - Venue,what is at marriott boston quincy this weekend,Exact,Enabled
Show - Northeast Card Expo Boston Nov 2026,Northeast Card Expo - Venue,what is at marriott boston quincy this weekend,Phrase,Enabled
Show - Pokemon Regionals Las Vegas Dec 2026,Pokemon Regionals - Show Name,pokemon regional championship - las vegas,Exact,Enabled
Show - Pokemon Regionals Las Vegas Dec 2026,Pokemon Regionals - Show Name,pokemon regional championship - las vegas,Phrase,Enabled
Show - Pokemon Regionals Las Vegas Dec 2026,Pokemon Regionals - Show Name,pokemon regionals,Exact,Enabled
Show - Pokemon Regionals Las Vegas Dec 2026,Pokemon Regionals - Show Name,pokemon regionals,Phrase,Enabled
Show - Pokemon Regionals Las Vegas Dec 2026,Pokemon Regionals - Show Name,pokemon regionals 2026,Exact,Enabled
Show - Pokemon Regionals Las Vegas Dec 2026,Pokemon Regionals - Show Name,pokemon regionals 2026,Phrase,Enabled
Show - Pokemon Regionals Las Vegas Dec 2026,Pokemon Regionals - Show Name,pokemon regionals las vegas,Exact,Enabled
Show - Pokemon Regionals Las Vegas Dec 2026,Pokemon Regionals - Show Name,pokemon regionals las vegas,Phrase,Enabled
Show - Pokemon Regionals Las Vegas Dec 2026,Pokemon Regionals - Show Name,pokemon regionals card show,Exact,Enabled
Show - Pokemon Regionals Las Vegas Dec 2026,Pokemon Regionals - Show Name,pokemon regionals card show,Phrase,Enabled
Show - Pokemon Regionals Las Vegas Dec 2026,Pokemon Regionals - Show Name,pokemon regionals tickets,Exact,Enabled
Show - Pokemon Regionals Las Vegas Dec 2026,Pokemon Regionals - Show Name,pokemon regionals tickets,Phrase,Enabled
Show - Pokemon Regionals Las Vegas Dec 2026,Pokemon Regionals - Show Name,pokemon regionals dates,Exact,Enabled
Show - Pokemon Regionals Las Vegas Dec 2026,Pokemon Regionals - Show Name,pokemon regionals dates,Phrase,Enabled
Show - Pokemon Regionals Las Vegas Dec 2026,Pokemon Regionals - Show Name,pokemon regionals schedule,Exact,Enabled
Show - Pokemon Regionals Las Vegas Dec 2026,Pokemon Regionals - Show Name,pokemon regionals schedule,Phrase,Enabled
Show - Pokemon Regionals Las Vegas Dec 2026,Pokemon Regionals - Show Name,pokemon regionals hours,Exact,Enabled
Show - Pokemon Regionals Las Vegas Dec 2026,Pokemon Regionals - Show Name,pokemon regionals hours,Phrase,Enabled
Show - Pokemon Regionals Las Vegas Dec 2026,Pokemon Regionals - Show Name,pokemon regionals vendors,Exact,Enabled
Show - Pokemon Regionals Las Vegas Dec 2026,Pokemon Regionals - Show Name,pokemon regionals vendors,Phrase,Enabled
Show - Pokemon Regionals Las Vegas Dec 2026,Pokemon Regionals - Show Name,pokemon regionals december,Exact,Enabled
Show - Pokemon Regionals Las Vegas Dec 2026,Pokemon Regionals - Show Name,pokemon regionals december,Phrase,Enabled
Show - Pokemon Regionals Las Vegas Dec 2026,Pokemon Regionals - Las Vegas Card Show,card show las vegas,Exact,Enabled
Show - Pokemon Regionals Las Vegas Dec 2026,Pokemon Regionals - Las Vegas Card Show,card show las vegas,Phrase,Enabled
Show - Pokemon Regionals Las Vegas Dec 2026,Pokemon Regionals - Las Vegas Card Show,las vegas card show,Exact,Enabled
Show - Pokemon Regionals Las Vegas Dec 2026,Pokemon Regionals - Las Vegas Card Show,las vegas card show,Phrase,Enabled
Show - Pokemon Regionals Las Vegas Dec 2026,Pokemon Regionals - Las Vegas Card Show,las vegas card show december,Exact,Enabled
Show - Pokemon Regionals Las Vegas Dec 2026,Pokemon Regionals - Las Vegas Card Show,las vegas card show december,Phrase,Enabled
Show - Pokemon Regionals Las Vegas Dec 2026,Pokemon Regionals - Las Vegas Card Show,card show las vegas this weekend,Exact,Enabled
Show - Pokemon Regionals Las Vegas Dec 2026,Pokemon Regionals - Las Vegas Card Show,card show las vegas this weekend,Phrase,Enabled
Show - Pokemon Regionals Las Vegas Dec 2026,Pokemon Regionals - Las Vegas Card Show,card show near las vegas,Exact,Enabled
Show - Pokemon Regionals Las Vegas Dec 2026,Pokemon Regionals - Las Vegas Card Show,card show near las vegas,Phrase,Enabled
Show - Pokemon Regionals Las Vegas Dec 2026,Pokemon Regionals - Las Vegas Card Show,trading card show las vegas,Exact,Enabled
Show - Pokemon Regionals Las Vegas Dec 2026,Pokemon Regionals - Las Vegas Card Show,trading card show las vegas,Phrase,Enabled
Show - Pokemon Regionals Las Vegas Dec 2026,Pokemon Regionals - Las Vegas Card Show,las vegas card convention,Exact,Enabled
Show - Pokemon Regionals Las Vegas Dec 2026,Pokemon Regionals - Las Vegas Card Show,las vegas card convention,Phrase,Enabled
Show - Pokemon Regionals Las Vegas Dec 2026,Pokemon Regionals - Las Vegas Card Show,card shows in nevada,Exact,Enabled
Show - Pokemon Regionals Las Vegas Dec 2026,Pokemon Regionals - Las Vegas Card Show,card shows in nevada,Phrase,Enabled
Show - Pokemon Regionals Las Vegas Dec 2026,Pokemon Regionals - Las Vegas Card Show,nevada card show 2026,Exact,Enabled
Show - Pokemon Regionals Las Vegas Dec 2026,Pokemon Regionals - Las Vegas Card Show,nevada card show 2026,Phrase,Enabled
Show - Pokemon Regionals Las Vegas Dec 2026,Pokemon Regionals - Las Vegas Card Show,las vegas pokemon card show,Exact,Enabled
Show - Pokemon Regionals Las Vegas Dec 2026,Pokemon Regionals - Las Vegas Card Show,las vegas pokemon card show,Phrase,Enabled
Show - Pokemon Regionals Las Vegas Dec 2026,Pokemon Regionals - Las Vegas Card Show,pokemon card show las vegas,Exact,Enabled
Show - Pokemon Regionals Las Vegas Dec 2026,Pokemon Regionals - Las Vegas Card Show,pokemon card show las vegas,Phrase,Enabled
Show - Pokemon Regionals Las Vegas Dec 2026,Pokemon Regionals - Las Vegas Card Show,las vegas tcg show,Exact,Enabled
Show - Pokemon Regionals Las Vegas Dec 2026,Pokemon Regionals - Las Vegas Card Show,las vegas tcg show,Phrase,Enabled
Show - Pokemon Regionals Las Vegas Dec 2026,Pokemon Regionals - Las Vegas Card Show,pokemon event las vegas,Exact,Enabled
Show - Pokemon Regionals Las Vegas Dec 2026,Pokemon Regionals - Las Vegas Card Show,pokemon event las vegas,Phrase,Enabled
Show - Pokemon Regionals Las Vegas Dec 2026,Pokemon Regionals - Las Vegas Card Show,pokemon regional las vegas,Exact,Enabled
Show - Pokemon Regionals Las Vegas Dec 2026,Pokemon Regionals - Las Vegas Card Show,pokemon regional las vegas,Phrase,Enabled
Show - Pokemon Regionals Las Vegas Dec 2026,Pokemon Regionals - Las Vegas Card Show,pokemon championship las vegas,Exact,Enabled
Show - Pokemon Regionals Las Vegas Dec 2026,Pokemon Regionals - Las Vegas Card Show,pokemon championship las vegas,Phrase,Enabled
Show - Pokemon Regionals Las Vegas Dec 2026,Pokemon Regionals - Las Vegas Card Show,pokemon tournament las vegas 2026,Exact,Enabled
Show - Pokemon Regionals Las Vegas Dec 2026,Pokemon Regionals - Las Vegas Card Show,pokemon tournament las vegas 2026,Phrase,Enabled
Show - Collect-A-Con LA Los Angeles Dec 2026,Collect-A-Con LA - Show Name,collect-a-con los angeles,Exact,Enabled
Show - Collect-A-Con LA Los Angeles Dec 2026,Collect-A-Con LA - Show Name,collect-a-con los angeles,Phrase,Enabled
Show - Collect-A-Con LA Los Angeles Dec 2026,Collect-A-Con LA - Show Name,collect-a-con la,Exact,Enabled
Show - Collect-A-Con LA Los Angeles Dec 2026,Collect-A-Con LA - Show Name,collect-a-con la,Phrase,Enabled
Show - Collect-A-Con LA Los Angeles Dec 2026,Collect-A-Con LA - Show Name,collect-a-con la 2026,Exact,Enabled
Show - Collect-A-Con LA Los Angeles Dec 2026,Collect-A-Con LA - Show Name,collect-a-con la 2026,Phrase,Enabled
Show - Collect-A-Con LA Los Angeles Dec 2026,Collect-A-Con LA - Show Name,collect-a-con la los angeles,Exact,Enabled
Show - Collect-A-Con LA Los Angeles Dec 2026,Collect-A-Con LA - Show Name,collect-a-con la los angeles,Phrase,Enabled
Show - Collect-A-Con LA Los Angeles Dec 2026,Collect-A-Con LA - Show Name,collect-a-con la card show,Exact,Enabled
Show - Collect-A-Con LA Los Angeles Dec 2026,Collect-A-Con LA - Show Name,collect-a-con la card show,Phrase,Enabled
Show - Collect-A-Con LA Los Angeles Dec 2026,Collect-A-Con LA - Show Name,collect-a-con la tickets,Exact,Enabled
Show - Collect-A-Con LA Los Angeles Dec 2026,Collect-A-Con LA - Show Name,collect-a-con la tickets,Phrase,Enabled
Show - Collect-A-Con LA Los Angeles Dec 2026,Collect-A-Con LA - Show Name,collect-a-con la dates,Exact,Enabled
Show - Collect-A-Con LA Los Angeles Dec 2026,Collect-A-Con LA - Show Name,collect-a-con la dates,Phrase,Enabled
Show - Collect-A-Con LA Los Angeles Dec 2026,Collect-A-Con LA - Show Name,collect-a-con la schedule,Exact,Enabled
Show - Collect-A-Con LA Los Angeles Dec 2026,Collect-A-Con LA - Show Name,collect-a-con la schedule,Phrase,Enabled
Show - Collect-A-Con LA Los Angeles Dec 2026,Collect-A-Con LA - Show Name,collect-a-con la hours,Exact,Enabled
Show - Collect-A-Con LA Los Angeles Dec 2026,Collect-A-Con LA - Show Name,collect-a-con la hours,Phrase,Enabled
Show - Collect-A-Con LA Los Angeles Dec 2026,Collect-A-Con LA - Show Name,collect-a-con la vendors,Exact,Enabled
Show - Collect-A-Con LA Los Angeles Dec 2026,Collect-A-Con LA - Show Name,collect-a-con la vendors,Phrase,Enabled
Show - Collect-A-Con LA Los Angeles Dec 2026,Collect-A-Con LA - Show Name,collect-a-con la december,Exact,Enabled
Show - Collect-A-Con LA Los Angeles Dec 2026,Collect-A-Con LA - Show Name,collect-a-con la december,Phrase,Enabled
Show - Collect-A-Con LA Los Angeles Dec 2026,Collect-A-Con LA - Los Angeles Card Show,card show los angeles,Exact,Enabled
Show - Collect-A-Con LA Los Angeles Dec 2026,Collect-A-Con LA - Los Angeles Card Show,card show los angeles,Phrase,Enabled
Show - Collect-A-Con LA Los Angeles Dec 2026,Collect-A-Con LA - Los Angeles Card Show,los angeles card show,Exact,Enabled
Show - Collect-A-Con LA Los Angeles Dec 2026,Collect-A-Con LA - Los Angeles Card Show,los angeles card show,Phrase,Enabled
Show - Collect-A-Con LA Los Angeles Dec 2026,Collect-A-Con LA - Los Angeles Card Show,los angeles card show december,Exact,Enabled
Show - Collect-A-Con LA Los Angeles Dec 2026,Collect-A-Con LA - Los Angeles Card Show,los angeles card show december,Phrase,Enabled
Show - Collect-A-Con LA Los Angeles Dec 2026,Collect-A-Con LA - Los Angeles Card Show,card show los angeles this weekend,Exact,Enabled
Show - Collect-A-Con LA Los Angeles Dec 2026,Collect-A-Con LA - Los Angeles Card Show,card show los angeles this weekend,Phrase,Enabled
Show - Collect-A-Con LA Los Angeles Dec 2026,Collect-A-Con LA - Los Angeles Card Show,card show near los angeles,Exact,Enabled
Show - Collect-A-Con LA Los Angeles Dec 2026,Collect-A-Con LA - Los Angeles Card Show,card show near los angeles,Phrase,Enabled
Show - Collect-A-Con LA Los Angeles Dec 2026,Collect-A-Con LA - Los Angeles Card Show,trading card show los angeles,Exact,Enabled
Show - Collect-A-Con LA Los Angeles Dec 2026,Collect-A-Con LA - Los Angeles Card Show,trading card show los angeles,Phrase,Enabled
Show - Collect-A-Con LA Los Angeles Dec 2026,Collect-A-Con LA - Los Angeles Card Show,los angeles card convention,Exact,Enabled
Show - Collect-A-Con LA Los Angeles Dec 2026,Collect-A-Con LA - Los Angeles Card Show,los angeles card convention,Phrase,Enabled
Show - Collect-A-Con LA Los Angeles Dec 2026,Collect-A-Con LA - Los Angeles Card Show,card shows in california,Exact,Enabled
Show - Collect-A-Con LA Los Angeles Dec 2026,Collect-A-Con LA - Los Angeles Card Show,card shows in california,Phrase,Enabled
Show - Collect-A-Con LA Los Angeles Dec 2026,Collect-A-Con LA - Los Angeles Card Show,california card show 2026,Exact,Enabled
Show - Collect-A-Con LA Los Angeles Dec 2026,Collect-A-Con LA - Los Angeles Card Show,california card show 2026,Phrase,Enabled
Show - Collect-A-Con LA Los Angeles Dec 2026,Collect-A-Con LA - Los Angeles Card Show,los angeles pokemon card show,Exact,Enabled
Show - Collect-A-Con LA Los Angeles Dec 2026,Collect-A-Con LA - Los Angeles Card Show,los angeles pokemon card show,Phrase,Enabled
Show - Collect-A-Con LA Los Angeles Dec 2026,Collect-A-Con LA - Los Angeles Card Show,pokemon card show los angeles,Exact,Enabled
Show - Collect-A-Con LA Los Angeles Dec 2026,Collect-A-Con LA - Los Angeles Card Show,pokemon card show los angeles,Phrase,Enabled
Show - Collect-A-Con LA Los Angeles Dec 2026,Collect-A-Con LA - Los Angeles Card Show,los angeles tcg show,Exact,Enabled
Show - Collect-A-Con LA Los Angeles Dec 2026,Collect-A-Con LA - Los Angeles Card Show,los angeles tcg show,Phrase,Enabled
Show - Collect-A-Con LA Los Angeles Dec 2026,Collect-A-Con LA - Los Angeles Card Show,pokemon event los angeles,Exact,Enabled
Show - Collect-A-Con LA Los Angeles Dec 2026,Collect-A-Con LA - Los Angeles Card Show,pokemon event los angeles,Phrase,Enabled
Show - Collect-A-Con LA Los Angeles Dec 2026,Collect-A-Con LA - Venue,los angeles convention center card show,Exact,Enabled
Show - Collect-A-Con LA Los Angeles Dec 2026,Collect-A-Con LA - Venue,los angeles convention center card show,Phrase,Enabled
Show - Collect-A-Con LA Los Angeles Dec 2026,Collect-A-Con LA - Venue,los angeles convention center december 2026,Exact,Enabled
Show - Collect-A-Con LA Los Angeles Dec 2026,Collect-A-Con LA - Venue,los angeles convention center december 2026,Phrase,Enabled
Show - Collect-A-Con LA Los Angeles Dec 2026,Collect-A-Con LA - Venue,los angeles convention center events december,Exact,Enabled
Show - Collect-A-Con LA Los Angeles Dec 2026,Collect-A-Con LA - Venue,los angeles convention center events december,Phrase,Enabled
Show - Collect-A-Con LA Los Angeles Dec 2026,Collect-A-Con LA - Venue,what is at los angeles convention center this weekend,Exact,Enabled
Show - Collect-A-Con LA Los Angeles Dec 2026,Collect-A-Con LA - Venue,what is at los angeles convention center this weekend,Phrase,Enabled
Show - Philly Show Philadelphia Dec 2026,Philly Show - Show Name,the philly show,Exact,Enabled
Show - Philly Show Philadelphia Dec 2026,Philly Show - Show Name,the philly show,Phrase,Enabled
Show - Philly Show Philadelphia Dec 2026,Philly Show - Show Name,philly show,Exact,Enabled
Show - Philly Show Philadelphia Dec 2026,Philly Show - Show Name,philly show,Phrase,Enabled
Show - Philly Show Philadelphia Dec 2026,Philly Show - Show Name,philly show 2026,Exact,Enabled
Show - Philly Show Philadelphia Dec 2026,Philly Show - Show Name,philly show 2026,Phrase,Enabled
Show - Philly Show Philadelphia Dec 2026,Philly Show - Show Name,philly show philadelphia,Exact,Enabled
Show - Philly Show Philadelphia Dec 2026,Philly Show - Show Name,philly show philadelphia,Phrase,Enabled
Show - Philly Show Philadelphia Dec 2026,Philly Show - Show Name,philly show card show,Exact,Enabled
Show - Philly Show Philadelphia Dec 2026,Philly Show - Show Name,philly show card show,Phrase,Enabled
Show - Philly Show Philadelphia Dec 2026,Philly Show - Show Name,philly show tickets,Exact,Enabled
Show - Philly Show Philadelphia Dec 2026,Philly Show - Show Name,philly show tickets,Phrase,Enabled
Show - Philly Show Philadelphia Dec 2026,Philly Show - Show Name,philly show dates,Exact,Enabled
Show - Philly Show Philadelphia Dec 2026,Philly Show - Show Name,philly show dates,Phrase,Enabled
Show - Philly Show Philadelphia Dec 2026,Philly Show - Show Name,philly show schedule,Exact,Enabled
Show - Philly Show Philadelphia Dec 2026,Philly Show - Show Name,philly show schedule,Phrase,Enabled
Show - Philly Show Philadelphia Dec 2026,Philly Show - Show Name,philly show hours,Exact,Enabled
Show - Philly Show Philadelphia Dec 2026,Philly Show - Show Name,philly show hours,Phrase,Enabled
Show - Philly Show Philadelphia Dec 2026,Philly Show - Show Name,philly show vendors,Exact,Enabled
Show - Philly Show Philadelphia Dec 2026,Philly Show - Show Name,philly show vendors,Phrase,Enabled
Show - Philly Show Philadelphia Dec 2026,Philly Show - Show Name,philly show december,Exact,Enabled
Show - Philly Show Philadelphia Dec 2026,Philly Show - Show Name,philly show december,Phrase,Enabled
Show - Philly Show Philadelphia Dec 2026,Philly Show - Philadelphia Card Show,card show philadelphia,Exact,Enabled
Show - Philly Show Philadelphia Dec 2026,Philly Show - Philadelphia Card Show,card show philadelphia,Phrase,Enabled
Show - Philly Show Philadelphia Dec 2026,Philly Show - Philadelphia Card Show,philadelphia card show,Exact,Enabled
Show - Philly Show Philadelphia Dec 2026,Philly Show - Philadelphia Card Show,philadelphia card show,Phrase,Enabled
Show - Philly Show Philadelphia Dec 2026,Philly Show - Philadelphia Card Show,philadelphia card show december,Exact,Enabled
Show - Philly Show Philadelphia Dec 2026,Philly Show - Philadelphia Card Show,philadelphia card show december,Phrase,Enabled
Show - Philly Show Philadelphia Dec 2026,Philly Show - Philadelphia Card Show,card show philadelphia this weekend,Exact,Enabled
Show - Philly Show Philadelphia Dec 2026,Philly Show - Philadelphia Card Show,card show philadelphia this weekend,Phrase,Enabled
Show - Philly Show Philadelphia Dec 2026,Philly Show - Philadelphia Card Show,card show near philadelphia,Exact,Enabled
Show - Philly Show Philadelphia Dec 2026,Philly Show - Philadelphia Card Show,card show near philadelphia,Phrase,Enabled
Show - Philly Show Philadelphia Dec 2026,Philly Show - Philadelphia Card Show,trading card show philadelphia,Exact,Enabled
Show - Philly Show Philadelphia Dec 2026,Philly Show - Philadelphia Card Show,trading card show philadelphia,Phrase,Enabled
Show - Philly Show Philadelphia Dec 2026,Philly Show - Philadelphia Card Show,philadelphia card convention,Exact,Enabled
Show - Philly Show Philadelphia Dec 2026,Philly Show - Philadelphia Card Show,philadelphia card convention,Phrase,Enabled
Show - Philly Show Philadelphia Dec 2026,Philly Show - Philadelphia Card Show,card shows in pennsylvania,Exact,Enabled
Show - Philly Show Philadelphia Dec 2026,Philly Show - Philadelphia Card Show,card shows in pennsylvania,Phrase,Enabled
Show - Philly Show Philadelphia Dec 2026,Philly Show - Philadelphia Card Show,pennsylvania card show 2026,Exact,Enabled
Show - Philly Show Philadelphia Dec 2026,Philly Show - Philadelphia Card Show,pennsylvania card show 2026,Phrase,Enabled
Show - Philly Show Philadelphia Dec 2026,Philly Show - Philadelphia Card Show,philadelphia sports card show,Exact,Enabled
Show - Philly Show Philadelphia Dec 2026,Philly Show - Philadelphia Card Show,philadelphia sports card show,Phrase,Enabled
Show - Philly Show Philadelphia Dec 2026,Philly Show - Philadelphia Card Show,sports card show philadelphia,Exact,Enabled
Show - Philly Show Philadelphia Dec 2026,Philly Show - Philadelphia Card Show,sports card show philadelphia,Phrase,Enabled
Show - Philly Show Philadelphia Dec 2026,Philly Show - Philadelphia Card Show,baseball card show philadelphia,Exact,Enabled
Show - Philly Show Philadelphia Dec 2026,Philly Show - Philadelphia Card Show,baseball card show philadelphia,Phrase,Enabled
Show - Philly Show Philadelphia Dec 2026,Philly Show - Philadelphia Card Show,football card show philadelphia,Exact,Enabled
Show - Philly Show Philadelphia Dec 2026,Philly Show - Philadelphia Card Show,football card show philadelphia,Phrase,Enabled
Show - Philly Show Philadelphia Dec 2026,Philly Show - Venue,greater philadelphia expo center card show,Exact,Enabled
Show - Philly Show Philadelphia Dec 2026,Philly Show - Venue,greater philadelphia expo center card show,Phrase,Enabled
Show - Philly Show Philadelphia Dec 2026,Philly Show - Venue,greater philadelphia expo center december 2026,Exact,Enabled
Show - Philly Show Philadelphia Dec 2026,Philly Show - Venue,greater philadelphia expo center december 2026,Phrase,Enabled
Show - Philly Show Philadelphia Dec 2026,Philly Show - Venue,greater philadelphia expo center events december,Exact,Enabled
Show - Philly Show Philadelphia Dec 2026,Philly Show - Venue,greater philadelphia expo center events december,Phrase,Enabled
Show - Philly Show Philadelphia Dec 2026,Philly Show - Venue,what is at greater philadelphia expo center this weekend,Exact,Enabled
Show - Philly Show Philadelphia Dec 2026,Philly Show - Venue,what is at greater philadelphia expo center this weekend,Phrase,Enabled
Show - Orlando Card Show Dec 2026,Orlando Card Show - Show Name,orlando card show,Exact,Enabled
Show - Orlando Card Show Dec 2026,Orlando Card Show - Show Name,orlando card show,Phrase,Enabled
Show - Orlando Card Show Dec 2026,Orlando Card Show - Show Name,orlando card show 2026,Exact,Enabled
Show - Orlando Card Show Dec 2026,Orlando Card Show - Show Name,orlando card show 2026,Phrase,Enabled
Show - Orlando Card Show Dec 2026,Orlando Card Show - Show Name,orlando card show orlando,Exact,Enabled
Show - Orlando Card Show Dec 2026,Orlando Card Show - Show Name,orlando card show orlando,Phrase,Enabled
Show - Orlando Card Show Dec 2026,Orlando Card Show - Show Name,orlando card show card show,Exact,Enabled
Show - Orlando Card Show Dec 2026,Orlando Card Show - Show Name,orlando card show card show,Phrase,Enabled
Show - Orlando Card Show Dec 2026,Orlando Card Show - Show Name,orlando card show tickets,Exact,Enabled
Show - Orlando Card Show Dec 2026,Orlando Card Show - Show Name,orlando card show tickets,Phrase,Enabled
Show - Orlando Card Show Dec 2026,Orlando Card Show - Show Name,orlando card show dates,Exact,Enabled
Show - Orlando Card Show Dec 2026,Orlando Card Show - Show Name,orlando card show dates,Phrase,Enabled
Show - Orlando Card Show Dec 2026,Orlando Card Show - Show Name,orlando card show schedule,Exact,Enabled
Show - Orlando Card Show Dec 2026,Orlando Card Show - Show Name,orlando card show schedule,Phrase,Enabled
Show - Orlando Card Show Dec 2026,Orlando Card Show - Show Name,orlando card show hours,Exact,Enabled
Show - Orlando Card Show Dec 2026,Orlando Card Show - Show Name,orlando card show hours,Phrase,Enabled
Show - Orlando Card Show Dec 2026,Orlando Card Show - Show Name,orlando card show vendors,Exact,Enabled
Show - Orlando Card Show Dec 2026,Orlando Card Show - Show Name,orlando card show vendors,Phrase,Enabled
Show - Orlando Card Show Dec 2026,Orlando Card Show - Show Name,orlando card show december,Exact,Enabled
Show - Orlando Card Show Dec 2026,Orlando Card Show - Show Name,orlando card show december,Phrase,Enabled
Show - Orlando Card Show Dec 2026,Orlando Card Show - Orlando Card Show,card show orlando,Exact,Enabled
Show - Orlando Card Show Dec 2026,Orlando Card Show - Orlando Card Show,card show orlando,Phrase,Enabled
Show - Orlando Card Show Dec 2026,Orlando Card Show - Orlando Card Show,orlando card show,Exact,Enabled
Show - Orlando Card Show Dec 2026,Orlando Card Show - Orlando Card Show,orlando card show,Phrase,Enabled
Show - Orlando Card Show Dec 2026,Orlando Card Show - Orlando Card Show,orlando card show december,Exact,Enabled
Show - Orlando Card Show Dec 2026,Orlando Card Show - Orlando Card Show,orlando card show december,Phrase,Enabled
Show - Orlando Card Show Dec 2026,Orlando Card Show - Orlando Card Show,card show orlando this weekend,Exact,Enabled
Show - Orlando Card Show Dec 2026,Orlando Card Show - Orlando Card Show,card show orlando this weekend,Phrase,Enabled
Show - Orlando Card Show Dec 2026,Orlando Card Show - Orlando Card Show,card show near orlando,Exact,Enabled
Show - Orlando Card Show Dec 2026,Orlando Card Show - Orlando Card Show,card show near orlando,Phrase,Enabled
Show - Orlando Card Show Dec 2026,Orlando Card Show - Orlando Card Show,trading card show orlando,Exact,Enabled
Show - Orlando Card Show Dec 2026,Orlando Card Show - Orlando Card Show,trading card show orlando,Phrase,Enabled
Show - Orlando Card Show Dec 2026,Orlando Card Show - Orlando Card Show,orlando card convention,Exact,Enabled
Show - Orlando Card Show Dec 2026,Orlando Card Show - Orlando Card Show,orlando card convention,Phrase,Enabled
Show - Orlando Card Show Dec 2026,Orlando Card Show - Orlando Card Show,card shows in florida,Exact,Enabled
Show - Orlando Card Show Dec 2026,Orlando Card Show - Orlando Card Show,card shows in florida,Phrase,Enabled
Show - Orlando Card Show Dec 2026,Orlando Card Show - Orlando Card Show,florida card show 2026,Exact,Enabled
Show - Orlando Card Show Dec 2026,Orlando Card Show - Orlando Card Show,florida card show 2026,Phrase,Enabled
Show - Orlando Card Show Dec 2026,Orlando Card Show - Orlando Card Show,orlando sports card show,Exact,Enabled
Show - Orlando Card Show Dec 2026,Orlando Card Show - Orlando Card Show,orlando sports card show,Phrase,Enabled
Show - Orlando Card Show Dec 2026,Orlando Card Show - Orlando Card Show,sports card show orlando,Exact,Enabled
Show - Orlando Card Show Dec 2026,Orlando Card Show - Orlando Card Show,sports card show orlando,Phrase,Enabled
Show - Orlando Card Show Dec 2026,Orlando Card Show - Orlando Card Show,baseball card show orlando,Exact,Enabled
Show - Orlando Card Show Dec 2026,Orlando Card Show - Orlando Card Show,baseball card show orlando,Phrase,Enabled
Show - Orlando Card Show Dec 2026,Orlando Card Show - Orlando Card Show,football card show orlando,Exact,Enabled
Show - Orlando Card Show Dec 2026,Orlando Card Show - Orlando Card Show,football card show orlando,Phrase,Enabled
Show - Orlando Card Show Dec 2026,Orlando Card Show - Orlando Card Show,orlando pokemon card show,Exact,Enabled
Show - Orlando Card Show Dec 2026,Orlando Card Show - Orlando Card Show,orlando pokemon card show,Phrase,Enabled
Show - Orlando Card Show Dec 2026,Orlando Card Show - Orlando Card Show,pokemon card show orlando,Exact,Enabled
Show - Orlando Card Show Dec 2026,Orlando Card Show - Orlando Card Show,pokemon card show orlando,Phrase,Enabled
Show - Orlando Card Show Dec 2026,Orlando Card Show - Orlando Card Show,orlando tcg show,Exact,Enabled
Show - Orlando Card Show Dec 2026,Orlando Card Show - Orlando Card Show,orlando tcg show,Phrase,Enabled
Show - Orlando Card Show Dec 2026,Orlando Card Show - Orlando Card Show,pokemon event orlando,Exact,Enabled
Show - Orlando Card Show Dec 2026,Orlando Card Show - Orlando Card Show,pokemon event orlando,Phrase,Enabled
Show - Orlando Card Show Dec 2026,Orlando Card Show - Venue,the bahia shrine card show,Exact,Enabled
Show - Orlando Card Show Dec 2026,Orlando Card Show - Venue,the bahia shrine card show,Phrase,Enabled
Show - Orlando Card Show Dec 2026,Orlando Card Show - Venue,the bahia shrine december 2026,Exact,Enabled
Show - Orlando Card Show Dec 2026,Orlando Card Show - Venue,the bahia shrine december 2026,Phrase,Enabled
Show - Orlando Card Show Dec 2026,Orlando Card Show - Venue,the bahia shrine events december,Exact,Enabled
Show - Orlando Card Show Dec 2026,Orlando Card Show - Venue,the bahia shrine events december,Phrase,Enabled
Show - Orlando Card Show Dec 2026,Orlando Card Show - Venue,what is at the bahia shrine this weekend,Exact,Enabled
Show - Orlando Card Show Dec 2026,Orlando Card Show - Venue,what is at the bahia shrine this weekend,Phrase,Enabled